session_key,user_key,group_code,registration_date,user_platform,event_platform,session_start_time,session_day,session_end_time,duration_mins,plans_count,accounts_count,banking_usage,budgets_created,budgeting_usage,library_views,library_banking_views,library_budgeting_views,library_investing_views,credit_usage,dashboard_visits,goals_created,goal_module_usage,internship_submissions,investing_usage,logins,onboarding_info_completed,onboarding_avatar_done,onboarding_hobbies_set,onboarding_questions_answered,qa_interactions,saving_entries,settings_visits,signups,summerjob_usage,tax_module_usage,tuition_fees_recorded
abbda36b-1938-429c-9450-7e3aaa25d597,960a601a-c9db-422b-a6b4-cb1978709a37,group_3,2126-02-03 11:01:23.212946,Desktop,Desktop,2127-07-22 19:08:36.282476,2127-07-22,2127-07-22 19:43:36.282476,35,1,3,1,3,1,1,5,3,0,1,0,1,0,0,0,3,5,0,1,5,0,2,3,1,0,0,1
d81dbd15-1a3f-4b9c-9659-7f22184d32c0,730f1518-9e6b-4e01-88e4-abce6c4b8390,group_3,2126-08-27 10:23:18.345950,Mobile,Desktop,2126-10-06 15:20:30.357759,2126-10-06,2126-10-06 15:55:30.357759,35,1,3,1,2,0,5,1,0,5,0,0,2,1,2,0,5,3,2,1,0,0,4,0,0,1,0,1
b6274258-a082-4e6f-9f8e-00dd5ffa9e65,730f1518-9e6b-4e01-88e4-abce6c4b8390,group_3,2126-08-27 10:23:18.345950,Mobile,Desktop,2126-10-11 05:57:36.578634,2126-10-11,2126-10-11 07:45:36.578634,108,2,1,0,1,0,4,0,4,5,1,4,2,0,3,0,4,2,2,5,1,3,0,4,2,0,0,2
c1be7968-9735-49ef-8656-bbc7d6fa97d9,730f1518-9e6b-4e01-88e4-abce6c4b8390,group_3,2126-08-27 10:23:18.345950,Mobile,Tablet,2126-10-05 04:44:26.599725,2126-10-05,2126-10-05 05:33:26.599725,49,2,5,2,0,0,2,4,0,5,0,2,0,2,3,0,5,1,4,2,3,0,5,4,5,1,1,4
c2d7528a-d10d-42b4-960e-32b36a466f30,730f1518-9e6b-4e01-88e4-abce6c4b8390,group_3,2126-08-27 10:23:18.345950,Mobile,Mobile,2127-12-18 10:19:57.657697,2127-12-18,2127-12-18 11:31:57.657697,72,1,3,0,5,2,5,0,1,1,0,5,2,0,3,0,3,2,5,4,4,1,3,0,2,0,0,5
87bb4819-d8a3-41c6-a551-97682362cdf1,730f1518-9e6b-4e01-88e4-abce6c4b8390,group_3,2126-08-27 10:23:18.345950,Mobile,Desktop,2127-03-18 22:17:57.515315,2127-03-18,2127-03-18 23:01:57.515315,44,0,5,0,5,1,1,1,2,1,0,0,1,1,5,0,4,0,2,0,0,2,0,2,2,1,0,1
5ff64bdd-e1df-4113-9b1b-407028346d4a,730f1518-9e6b-4e01-88e4-abce6c4b8390,group_3,2126-08-27 10:23:18.345950,Mobile,Desktop,2127-05-27 18:45:31.882776,2127-05-27,2127-05-27 19:06:31.882776,21,2,3,1,0,0,4,2,4,4,1,0,5,1,4,1,0,2,2,5,5,2,3,1,0,0,1,0
211dbb86-bbb7-440e-9fd8-41e3a86468aa,730f1518-9e6b-4e01-88e4-abce6c4b8390,group_3,2126-08-27 10:23:18.345950,Mobile,Tablet,2127-05-23 19:51:01.450537,2127-05-23,2127-05-23 20:35:01.450537,44,0,4,0,0,0,3,3,2,5,1,1,1,2,3,1,0,3,1,1,0,3,1,0,1,3,0,4
dcd087d2-e859-4a2d-bc2c-dce07617448b,1aabbddf-ba95-4569-ac5a-2990e1281f30,group_3,2124-08-01 19:14:14.137053,Desktop,Desktop,2127-12-13 09:49:41.710781,2127-12-13,2127-12-13 11:19:41.710781,90,2,3,0,1,0,3,2,0,0,0,0,4,0,3,0,2,4,0,5,5,4,5,1,2,0,1,2
fe3e9093-ba74-451b-8f2d-768e62048615,1aabbddf-ba95-4569-ac5a-2990e1281f30,group_3,2124-08-01 19:14:14.137053,Desktop,Desktop,2126-12-16 00:24:43.582558,2126-12-16,2126-12-16 00:45:43.582558,21,4,4,1,5,0,2,0,5,1,1,2,2,0,1,1,3,1,3,0,3,0,1,1,5,1,1,0
4e4cc993-b9bb-4e26-ac71-d60b1cf243ef,1aabbddf-ba95-4569-ac5a-2990e1281f30,group_3,2124-08-01 19:14:14.137053,Desktop,Mobile,2127-01-22 08:48:13.046907,2127-01-22,2127-01-22 10:44:13.046907,116,4,1,1,0,0,3,4,1,3,0,4,5,0,3,2,5,4,2,0,1,0,3,0,4,0,0,2
3f4d4f57-275b-4610-969e-65ed13fd2313,1aabbddf-ba95-4569-ac5a-2990e1281f30,group_3,2124-08-01 19:14:14.137053,Desktop,Desktop,2127-11-30 09:54:01.077828,2127-11-30,2127-11-30 11:34:01.077828,100,5,0,1,1,0,5,0,1,5,1,4,0,0,5,1,0,3,5,3,4,3,2,5,1,0,0,5
df877881-11cb-4a6c-b803-66d3bb0e51fa,1aabbddf-ba95-4569-ac5a-2990e1281f30,group_3,2124-08-01 19:14:14.137053,Desktop,Tablet,2125-12-24 06:27:17.672722,2125-12-24,2125-12-24 08:20:17.672722,113,5,3,0,3,1,5,5,0,0,0,0,1,1,1,2,5,5,1,5,5,4,2,2,4,0,0,3
283a9a71-1b4b-4a6e-bf70-a0b74f7ee80a,1aabbddf-ba95-4569-ac5a-2990e1281f30,group_3,2124-08-01 19:14:14.137053,Desktop,Desktop,2127-01-04 13:28:59.934266,2127-01-04,2127-01-04 14:17:59.934266,49,5,2,0,2,0,3,1,4,4,0,5,4,0,0,0,0,4,4,5,1,4,4,5,4,2,0,0
bfd18f9c-5d27-46b4-b179-a22eca3fa3dd,442c3ec1-b3e9-4c18-9aaf-8812af8f336a,group_2,2124-11-20 12:35:53.635093,Tablet,Tablet,2125-09-03 06:43:08.779038,2125-09-03,2125-09-03 07:24:08.779038,41,3,5,1,1,1,5,4,3,0,0,2,2,1,3,0,2,5,5,2,4,4,4,5,2,0,1,1
ec3c5483-5576-48ec-ba11-2321450339a7,2a7ec142-532a-4e81-8329-ed5695bb44f4,group_3,2125-05-02 18:27:56.532846,Tablet,Desktop,2125-09-07 03:41:08.818038,2125-09-07,2125-09-07 03:55:08.818038,14,1,0,2,2,0,0,4,0,3,1,2,3,0,5,2,1,0,5,4,0,1,4,3,1,0,0,4
726a9d91-c7e5-4f68-8489-d5cc0c81ad36,2a7ec142-532a-4e81-8329-ed5695bb44f4,group_3,2125-05-02 18:27:56.532846,Tablet,Tablet,2126-11-09 13:46:49.283610,2126-11-09,2126-11-09 13:58:49.283610,12,5,5,0,0,0,3,4,1,5,1,4,3,0,2,0,2,4,5,3,5,2,2,5,3,0,0,1
648f75b7-7fa9-4527-9394-514bf0880301,2a7ec142-532a-4e81-8329-ed5695bb44f4,group_3,2125-05-02 18:27:56.532846,Tablet,Desktop,2126-01-15 13:21:19.884133,2126-01-15,2126-01-15 13:40:19.884133,19,1,0,0,5,1,5,0,5,4,0,5,1,0,2,0,0,1,1,5,1,5,5,3,5,0,0,1
68acb8dc-ce62-47f2-ba5a-a87a80570132,2a7ec142-532a-4e81-8329-ed5695bb44f4,group_3,2125-05-02 18:27:56.532846,Tablet,Desktop,2127-08-10 15:29:00.963438,2127-08-10,2127-08-10 17:11:00.963438,102,4,1,0,4,0,5,1,3,4,1,5,0,1,3,0,1,2,2,5,4,5,3,1,0,1,2,3
c8141955-c4e0-411a-8046-648d1874b3b8,2a7ec142-532a-4e81-8329-ed5695bb44f4,group_3,2125-05-02 18:27:56.532846,Tablet,Mobile,2127-06-28 00:06:40.713204,2127-06-28,2127-06-28 00:44:40.713204,38,5,3,2,3,1,2,0,5,3,1,3,5,3,0,0,2,3,3,0,0,0,5,2,2,0,1,2
71601f83-e9df-46b1-a711-2d3af9947981,2a7ec142-532a-4e81-8329-ed5695bb44f4,group_3,2125-05-02 18:27:56.532846,Tablet,Mobile,2127-11-07 00:34:34.326023,2127-11-07,2127-11-07 01:48:34.326023,74,1,5,0,4,0,5,5,4,3,1,5,4,0,5,0,2,5,1,0,1,1,5,3,1,0,0,5
9c5929d4-da18-4990-a523-e4bd56a6b72d,2a7ec142-532a-4e81-8329-ed5695bb44f4,group_3,2125-05-02 18:27:56.532846,Tablet,Mobile,2127-09-22 23:11:01.601539,2127-09-22,2127-09-22 23:45:01.601539,34,3,3,1,5,0,0,2,5,1,0,2,2,1,4,1,2,5,0,2,1,0,0,4,1,0,0,4
3e10ca6e-da2d-4c7d-8990-2fc69b18b0a1,2a7ec142-532a-4e81-8329-ed5695bb44f4,group_3,2125-05-02 18:27:56.532846,Tablet,Desktop,2126-03-05 17:45:57.461803,2126-03-05,2126-03-05 19:33:57.461803,108,0,4,0,3,1,4,3,3,5,0,3,0,0,1,0,1,2,1,2,5,3,5,3,0,1,2,3
27fafb2f-f205-41db-8b31-25f2ecde87ad,7a2926e5-07d1-464a-964d-c494acf9058a,group_3,2126-05-04 15:50:53.278430,Tablet,Tablet,2127-12-23 11:35:19.465111,2127-12-23,2127-12-23 12:19:19.465111,44,0,2,1,4,0,3,0,1,2,0,0,5,0,0,1,2,1,1,0,0,3,5,5,3,0,2,5
9bae123d-c051-4eb4-a0a3-64014873988d,7a2926e5-07d1-464a-964d-c494acf9058a,group_3,2126-05-04 15:50:53.278430,Tablet,Mobile,2126-08-14 18:13:55.973218,2126-08-14,2126-08-14 19:56:55.973218,103,3,3,1,5,0,0,3,0,0,0,2,4,0,3,2,3,5,2,2,2,0,2,4,1,1,0,0
a500a77a-5749-4a5a-ad0a-72b0378b1b56,7a2926e5-07d1-464a-964d-c494acf9058a,group_3,2126-05-04 15:50:53.278430,Tablet,Tablet,2126-08-14 10:59:26.518565,2126-08-14,2126-08-14 11:26:26.518565,27,0,3,0,3,0,4,2,0,1,0,2,2,0,5,0,2,1,2,4,3,2,1,4,0,0,0,4
a202bad9-a7ff-4df5-ab50-73c5a88fcbfd,7a2926e5-07d1-464a-964d-c494acf9058a,group_3,2126-05-04 15:50:53.278430,Tablet,Tablet,2127-01-26 12:47:53.176170,2127-01-26,2127-01-26 14:09:53.176170,82,3,1,0,1,1,2,1,5,3,0,4,1,1,2,0,1,1,3,3,2,3,5,3,3,0,2,2
d7bb3c22-9ecc-45bc-b369-d4a90aa1bd82,7a2926e5-07d1-464a-964d-c494acf9058a,group_3,2126-05-04 15:50:53.278430,Tablet,Mobile,2127-11-06 09:51:22.818503,2127-11-06,2127-11-06 11:04:22.818503,73,3,5,0,2,1,0,5,3,3,0,0,4,1,2,1,3,4,4,4,4,1,1,0,1,0,2,5
b463ec4c-6f2b-42a7-abe8-40c1de68c7d4,8a6701e4-f516-4f7d-a5d1-19f0b76efd56,group_2,2123-05-04 12:47:00.161701,Tablet,Tablet,2126-10-28 05:50:10.042376,2126-10-28,2126-10-28 06:41:10.042376,51,3,4,1,3,0,5,4,2,4,1,1,2,0,1,0,4,1,5,3,5,0,4,3,4,0,1,0
5c308afa-130e-471d-9777-da767b44d994,d55aa95d-77ca-4e9c-8c7d-e21d4cf86b77,group_1,2127-01-13 08:05:30.069504,Desktop,Tablet,2127-03-11 20:46:50.721770,2127-03-11,2127-03-11 21:42:50.721770,56,2,3,0,5,0,5,1,1,2,0,5,4,0,1,0,1,2,3,1,1,3,2,4,1,1,0,4
43854cd1-736e-46af-8150-422defb0c09a,d55aa95d-77ca-4e9c-8c7d-e21d4cf86b77,group_1,2127-01-13 08:05:30.069504,Desktop,Tablet,2127-07-04 07:24:28.924026,2127-07-04,2127-07-04 08:33:28.924026,69,1,2,1,1,1,4,4,0,2,1,1,4,0,3,0,0,1,1,2,4,5,1,2,0,0,0,0
45c2d1f9-61e7-48fb-9be7-2305bba7216d,d55aa95d-77ca-4e9c-8c7d-e21d4cf86b77,group_1,2127-01-13 08:05:30.069504,Desktop,Tablet,2127-03-29 03:26:57.032974,2127-03-29,2127-03-29 05:08:57.032974,102,1,0,1,2,0,1,0,1,3,1,3,1,0,0,0,4,4,0,4,5,1,5,0,3,1,0,1
9030d2ad-8c84-4844-8747-df3c0ef46e7a,d55aa95d-77ca-4e9c-8c7d-e21d4cf86b77,group_1,2127-01-13 08:05:30.069504,Desktop,Mobile,2127-09-05 15:37:02.034853,2127-09-05,2127-09-05 16:54:02.034853,77,1,5,2,2,2,1,3,1,4,1,2,5,0,3,0,0,4,3,2,3,3,5,4,1,0,0,4
a589580a-7f48-4b6e-b334-94882b83c42b,d55aa95d-77ca-4e9c-8c7d-e21d4cf86b77,group_1,2127-01-13 08:05:30.069504,Desktop,Tablet,2127-07-06 17:11:39.109821,2127-07-06,2127-07-06 18:18:39.109821,67,1,1,0,1,0,2,5,5,3,1,4,1,1,5,0,4,5,1,1,4,1,1,3,5,0,1,0
733b9a0a-ae93-4a70-b240-c8065af5ca1e,d55aa95d-77ca-4e9c-8c7d-e21d4cf86b77,group_1,2127-01-13 08:05:30.069504,Desktop,Mobile,2127-05-21 17:15:57.003725,2127-05-21,2127-05-21 18:09:57.003725,54,0,2,0,5,2,1,5,0,3,0,5,5,0,5,0,3,1,4,5,1,4,3,5,0,1,2,2
08d896d0-878d-4a46-aabe-49b171af3b75,d55aa95d-77ca-4e9c-8c7d-e21d4cf86b77,group_1,2127-01-13 08:05:30.069504,Desktop,Desktop,2127-05-04 19:34:28.273186,2127-05-04,2127-05-04 20:40:28.273186,66,2,4,0,2,0,2,1,1,4,2,1,1,0,0,0,5,5,0,3,4,2,3,0,1,1,0,3
5ec4842c-e974-4346-bafb-896dc1fc726b,d55aa95d-77ca-4e9c-8c7d-e21d4cf86b77,group_1,2127-01-13 08:05:30.069504,Desktop,Tablet,2127-04-23 08:25:24.138732,2127-04-23,2127-04-23 10:14:24.138732,109,2,4,1,0,0,3,4,2,0,1,3,5,1,0,0,1,2,2,1,3,5,5,3,2,1,1,0
59b6bb8f-203f-4b55-9f14-b6a60d636ab4,d55aa95d-77ca-4e9c-8c7d-e21d4cf86b77,group_1,2127-01-13 08:05:30.069504,Desktop,Tablet,2127-05-05 18:52:46.823964,2127-05-05,2127-05-05 19:16:46.823964,24,5,3,1,3,0,2,2,0,1,1,2,5,1,2,0,2,4,4,0,0,0,5,5,2,0,0,2
72a71b64-38fa-484a-b16c-e7189cf4d0dd,145bb568-d741-4152-a2ad-37d4f5f370bb,group_1,2124-01-28 09:08:58.821671,Mobile,Mobile,2125-04-30 19:12:59.210940,2125-04-30,2125-04-30 21:09:59.210940,117,3,3,1,3,1,1,1,1,1,1,5,5,0,2,3,1,5,3,1,5,4,1,5,3,1,0,2
43657fc5-fe82-469e-a205-27a91754d488,145bb568-d741-4152-a2ad-37d4f5f370bb,group_1,2124-01-28 09:08:58.821671,Mobile,Mobile,2126-11-14 13:40:53.839454,2126-11-14,2126-11-14 15:05:53.839454,85,3,1,1,2,1,4,2,3,4,0,5,3,0,5,1,5,0,5,1,3,1,5,4,1,3,0,1
31b9163f-ef6f-47c9-ac6e-1eb391f4edef,4ff96573-9829-4f03-9025-e8d5ab6dc262,group_3,2123-08-01 21:38:26.734399,Desktop,Mobile,2125-09-28 11:42:34.734402,2125-09-28,2125-09-28 12:25:34.734402,43,4,2,0,3,0,5,4,2,5,1,0,5,0,3,1,2,3,5,0,1,0,2,1,2,1,0,1
f3b2d846-e672-45b7-adcf-d97103001387,4ff96573-9829-4f03-9025-e8d5ab6dc262,group_3,2123-08-01 21:38:26.734399,Desktop,Mobile,2124-04-25 06:29:25.280789,2124-04-25,2124-04-25 07:40:25.280789,71,3,1,0,5,0,5,1,1,4,0,1,1,1,5,0,2,3,4,3,0,3,4,3,2,1,0,5
cdc47d1d-5ce6-4e13-ac7f-093bbab22cfb,4ff96573-9829-4f03-9025-e8d5ab6dc262,group_3,2123-08-01 21:38:26.734399,Desktop,Desktop,2126-03-06 22:24:09.457227,2126-03-06,2126-03-07 00:18:09.457227,114,5,2,1,1,0,0,1,5,3,0,5,2,1,0,0,2,1,3,2,3,4,5,3,4,0,0,0
5cda43eb-6956-4455-ad57-2f57251b1b41,2400ba26-ab8d-4dfd-be47-bc8fed516665,group_3,2125-02-02 01:05:24.241282,Tablet,Tablet,2125-12-06 22:13:55.884119,2125-12-06,2125-12-06 23:03:55.884119,50,0,1,1,1,1,3,3,1,0,0,4,3,0,0,1,4,4,2,1,1,1,0,5,0,0,0,0
70ef426e-18f5-463c-89d4-c4b283f531a1,2400ba26-ab8d-4dfd-be47-bc8fed516665,group_3,2125-02-02 01:05:24.241282,Tablet,Mobile,2125-05-15 19:29:21.174448,2125-05-15,2125-05-15 21:09:21.174448,100,4,4,1,4,1,3,4,5,3,0,2,5,0,1,0,2,3,5,5,1,4,4,1,1,1,1,0
b90c931f-6336-4606-a45b-0a41962b378d,2400ba26-ab8d-4dfd-be47-bc8fed516665,group_3,2125-02-02 01:05:24.241282,Tablet,Desktop,2125-07-24 17:17:23.751321,2125-07-24,2125-07-24 17:20:23.751321,3,5,5,1,4,0,1,5,2,2,0,3,2,1,1,0,4,3,2,1,1,1,0,2,5,0,0,1
bc5a2abb-df20-4a66-ac5c-4aed8d7c4c2f,2400ba26-ab8d-4dfd-be47-bc8fed516665,group_3,2125-02-02 01:05:24.241282,Tablet,Desktop,2126-09-04 01:54:08.919415,2126-09-04,2126-09-04 03:10:08.919415,76,2,0,1,4,1,3,0,5,0,3,2,4,1,4,0,0,5,4,3,5,5,2,5,0,1,0,1
7d0134cc-870b-46a6-9e47-2234352eac0e,2400ba26-ab8d-4dfd-be47-bc8fed516665,group_3,2125-02-02 01:05:24.241282,Tablet,Tablet,2125-10-14 16:12:04.874222,2125-10-14,2125-10-14 17:59:04.874222,107,5,1,0,2,1,5,3,1,3,0,4,5,0,2,0,1,4,2,2,3,4,5,5,2,0,0,5
54bf2069-bb0d-4a25-bbd8-ebf1da661188,2400ba26-ab8d-4dfd-be47-bc8fed516665,group_3,2125-02-02 01:05:24.241282,Tablet,Desktop,2125-10-07 06:11:03.743398,2125-10-07,2125-10-07 06:58:03.743398,47,3,2,0,4,1,4,2,1,3,0,3,4,0,0,1,5,1,1,5,3,5,0,5,2,2,1,3
c787d343-b77f-46b0-a69c-39532d6dbd9b,2400ba26-ab8d-4dfd-be47-bc8fed516665,group_3,2125-02-02 01:05:24.241282,Tablet,Mobile,2125-02-23 15:42:18.574056,2125-02-23,2125-02-23 17:37:18.574056,115,5,3,0,5,0,1,1,2,0,0,1,5,1,1,0,1,4,1,2,1,3,1,4,4,1,0,3
89a554b7-6bca-4137-91be-e88762a5a7fd,2400ba26-ab8d-4dfd-be47-bc8fed516665,group_3,2125-02-02 01:05:24.241282,Tablet,Mobile,2127-01-04 04:22:54.939772,2127-01-04,2127-01-04 04:52:54.939772,30,3,5,0,1,2,0,0,5,5,2,4,5,2,4,1,1,5,1,1,0,3,2,2,1,0,0,5
7cb001d9-349f-4456-a14d-92f678d4fc40,ad2d1ea0-cdf0-4730-bfa4-9413e3bebb68,group_1,2125-04-21 12:32:40.068659,Tablet,Tablet,2127-12-24 16:59:04.621957,2127-12-24,2127-12-24 18:04:04.621957,65,3,3,0,4,0,0,4,2,5,0,3,5,1,1,1,4,3,1,2,1,2,4,5,4,2,0,4
09f94cd6-c0f2-4e6c-993d-90af1593ce23,ad2d1ea0-cdf0-4730-bfa4-9413e3bebb68,group_1,2125-04-21 12:32:40.068659,Tablet,Desktop,2125-09-13 03:51:38.064018,2125-09-13,2125-09-13 05:37:38.064018,106,5,0,2,1,0,3,5,2,3,0,5,0,2,0,0,3,0,4,5,0,3,0,1,5,0,0,0
3a91d4ac-49c4-4de6-91d4-9ae179d7728c,ad2d1ea0-cdf0-4730-bfa4-9413e3bebb68,group_1,2125-04-21 12:32:40.068659,Tablet,Mobile,2126-11-10 23:35:13.553052,2126-11-10,2126-11-11 00:57:13.553052,82,1,2,0,5,2,1,2,1,1,0,1,3,1,0,1,0,0,4,1,3,2,4,1,5,1,0,1
3b6adfe7-6254-4a1b-a285-035e0241656d,ad2d1ea0-cdf0-4730-bfa4-9413e3bebb68,group_1,2125-04-21 12:32:40.068659,Tablet,Tablet,2127-11-08 19:18:21.514550,2127-11-08,2127-11-08 20:22:21.514550,64,5,3,0,5,2,3,4,5,4,0,1,0,1,3,0,0,3,0,5,5,2,5,0,1,1,0,3
54d637cf-9a79-4f6e-905a-aed6f7a1717d,ad2d1ea0-cdf0-4730-bfa4-9413e3bebb68,group_1,2125-04-21 12:32:40.068659,Tablet,Desktop,2125-10-30 11:42:01.540722,2125-10-30,2125-10-30 13:15:01.540722,93,4,4,0,1,1,4,1,1,1,1,1,1,1,0,0,2,4,2,0,1,1,0,5,2,0,0,2
aac6e471-8046-421c-ac33-6380e68e8f8c,ad2d1ea0-cdf0-4730-bfa4-9413e3bebb68,group_1,2125-04-21 12:32:40.068659,Tablet,Mobile,2126-11-27 16:31:30.498359,2126-11-27,2126-11-27 17:41:30.498359,70,2,0,2,1,0,4,2,0,0,0,5,5,0,5,0,2,0,5,5,4,5,4,3,1,0,1,2
7cac916f-1978-4a6b-8d54-6b864e08614b,ad2d1ea0-cdf0-4730-bfa4-9413e3bebb68,group_1,2125-04-21 12:32:40.068659,Tablet,Desktop,2127-10-26 12:53:24.328231,2127-10-26,2127-10-26 13:16:24.328231,23,2,3,2,4,1,1,4,3,3,1,0,0,1,0,1,0,0,3,3,1,4,5,4,5,2,0,5
955799a8-9dc8-4407-8698-1885c6829690,ad2d1ea0-cdf0-4730-bfa4-9413e3bebb68,group_1,2125-04-21 12:32:40.068659,Tablet,Mobile,2125-11-01 16:01:56.939658,2125-11-01,2125-11-01 17:10:56.939658,69,0,4,0,5,1,5,1,2,5,0,1,1,1,5,0,4,1,4,4,5,5,2,2,0,1,0,3
3e4cdc9e-e716-42f0-b4ad-1c62af647f6f,ad2d1ea0-cdf0-4730-bfa4-9413e3bebb68,group_1,2125-04-21 12:32:40.068659,Tablet,Mobile,2126-05-29 19:13:06.507181,2126-05-29,2126-05-29 20:02:06.507181,49,0,0,0,2,2,4,0,2,3,1,5,5,0,5,1,3,2,0,1,3,5,1,4,4,0,0,4
984651b9-cbb6-4bf9-be3a-5064d141a0b0,7c697d92-dd69-439c-9874-2b419723eeca,group_2,2125-02-17 12:30:42.455324,Tablet,Desktop,2126-11-01 05:55:56.181101,2126-11-01,2126-11-01 05:57:56.181101,2,4,2,1,4,0,5,4,2,3,0,5,5,2,4,0,2,1,1,1,5,3,2,0,0,0,1,3
35970ec6-e73a-4093-8496-f9017ee865cc,2015df18-9b50-493f-a446-a7860d86853e,group_1,2126-05-12 22:04:02.031650,Mobile,Desktop,2127-04-17 06:17:00.839067,2127-04-17,2127-04-17 06:42:00.839067,25,1,3,0,3,0,1,5,3,2,1,2,4,3,4,0,5,2,5,4,4,4,5,0,5,0,0,4
30e83234-7af9-4a9e-ada9-7f0b98aab87c,2015df18-9b50-493f-a446-a7860d86853e,group_1,2126-05-12 22:04:02.031650,Mobile,Mobile,2126-09-13 05:38:58.381392,2126-09-13,2126-09-13 06:11:58.381392,33,0,3,1,5,1,1,1,3,3,1,1,5,1,3,1,5,0,2,1,1,0,0,4,4,2,0,2
c0e710c6-a552-4821-b96f-d517401fb29b,2015df18-9b50-493f-a446-a7860d86853e,group_1,2126-05-12 22:04:02.031650,Mobile,Mobile,2126-11-06 11:18:35.153787,2126-11-06,2126-11-06 12:46:35.153787,88,2,1,1,2,2,5,3,2,0,0,1,4,2,5,0,0,4,3,2,3,5,0,2,1,0,3,2
81461e26-5863-4452-9654-f79094012d57,2015df18-9b50-493f-a446-a7860d86853e,group_1,2126-05-12 22:04:02.031650,Mobile,Tablet,2126-12-05 12:52:17.273774,2126-12-05,2126-12-05 13:48:17.273774,56,3,5,0,4,0,1,3,0,1,0,1,5,3,1,0,4,5,2,1,2,1,2,0,3,0,0,2
507a78d2-7745-4628-9baa-d28a97e5dcf7,2015df18-9b50-493f-a446-a7860d86853e,group_1,2126-05-12 22:04:02.031650,Mobile,Desktop,2126-10-20 22:11:23.405190,2126-10-20,2126-10-20 23:05:23.405190,54,1,3,1,5,0,3,1,0,2,0,4,4,0,0,0,5,1,3,3,1,2,2,2,0,0,0,5
20ff7867-d17f-444f-9df6-35f376dd1c22,2015df18-9b50-493f-a446-a7860d86853e,group_1,2126-05-12 22:04:02.031650,Mobile,Tablet,2127-09-27 06:48:03.855232,2127-09-27,2127-09-27 07:02:03.855232,14,1,3,0,1,0,0,0,2,2,0,1,3,2,5,0,5,4,0,1,3,1,0,4,1,1,1,0
7239579f-8288-46d3-b8cc-02d8a993af44,2015df18-9b50-493f-a446-a7860d86853e,group_1,2126-05-12 22:04:02.031650,Mobile,Tablet,2126-11-19 12:25:39.491140,2126-11-19,2126-11-19 12:34:39.491140,9,1,1,0,4,0,4,4,4,0,1,0,0,0,1,0,3,3,5,4,4,2,1,5,3,0,1,3
ec78920b-4697-4963-bcdc-32620c98afae,2015df18-9b50-493f-a446-a7860d86853e,group_1,2126-05-12 22:04:02.031650,Mobile,Tablet,2127-09-09 06:09:14.897090,2127-09-09,2127-09-09 06:55:14.897090,46,0,0,0,5,0,4,2,1,5,2,3,4,1,5,1,2,5,4,4,0,4,1,1,1,1,1,2
88b816f3-914b-4ccb-8a34-703279d7e4c9,61b4c092-ddf0-48bf-b725-812be8a17918,group_2,2125-04-29 06:33:33.149788,Desktop,Mobile,2126-12-20 17:24:32.261977,2126-12-20,2126-12-20 17:35:32.261977,11,1,3,0,0,1,3,1,2,4,0,3,4,0,3,1,5,2,1,0,1,4,3,5,2,1,0,0
d90170c6-8df9-433f-a6c3-b984077b1dd6,61b4c092-ddf0-48bf-b725-812be8a17918,group_2,2125-04-29 06:33:33.149788,Desktop,Desktop,2126-05-30 09:24:41.092640,2126-05-30,2126-05-30 11:19:41.092640,115,1,2,0,5,2,5,0,1,2,0,3,5,0,3,0,0,5,4,3,3,1,1,3,0,0,2,4
b1c934be-c531-4cfd-9d48-f321c0419f0a,9c1387a5-8cec-4d52-8005-ae00dc291adf,group_3,2125-11-20 00:06:58.037765,Mobile,Desktop,2127-05-01 15:54:32.616033,2127-05-01,2127-05-01 16:43:32.616033,49,4,4,1,3,0,2,0,5,1,0,1,0,1,1,2,4,5,4,5,1,1,2,3,2,1,1,5
aa5c8f1a-4794-4f68-9b4e-61e955681690,9c1387a5-8cec-4d52-8005-ae00dc291adf,group_3,2125-11-20 00:06:58.037765,Mobile,Tablet,2126-06-29 18:28:57.606704,2126-06-29,2126-06-29 19:38:57.606704,70,5,5,0,1,1,4,0,0,2,0,4,2,0,3,0,5,0,0,2,5,3,3,5,4,0,0,2
6eb824f4-be8b-40d9-8083-e95428d4f1e1,9c1387a5-8cec-4d52-8005-ae00dc291adf,group_3,2125-11-20 00:06:58.037765,Mobile,Mobile,2127-08-28 01:12:00.258968,2127-08-28,2127-08-28 02:34:00.258968,82,4,2,0,3,1,3,3,1,5,0,1,0,1,3,1,5,0,2,1,5,0,5,0,3,0,0,1
139639dc-c5fd-4dcc-affd-2ebd58d37d11,9c1387a5-8cec-4d52-8005-ae00dc291adf,group_3,2125-11-20 00:06:58.037765,Mobile,Mobile,2127-04-02 21:49:55.878519,2127-04-02,2127-04-02 21:53:55.878519,4,4,5,2,0,0,1,2,5,2,1,4,2,0,4,0,1,2,4,1,4,3,4,0,2,0,0,2
609055ce-2202-428a-bba4-fb1b6ae899f6,9c1387a5-8cec-4d52-8005-ae00dc291adf,group_3,2125-11-20 00:06:58.037765,Mobile,Mobile,2127-12-21 13:48:03.038732,2127-12-21,2127-12-21 14:22:03.038732,34,2,3,0,0,0,5,0,4,0,1,2,5,0,0,1,2,0,4,1,0,4,4,5,4,0,0,3
23c05b29-14a4-4117-9a47-176b29a0f9ac,9c1387a5-8cec-4d52-8005-ae00dc291adf,group_3,2125-11-20 00:06:58.037765,Mobile,Tablet,2126-12-20 00:06:01.155802,2126-12-20,2126-12-20 00:11:01.155802,5,4,0,1,1,2,2,2,2,4,1,3,2,1,4,0,1,4,1,1,4,3,3,1,0,1,2,1
12cc0d50-5124-4927-9937-00e0814b83ef,9c1387a5-8cec-4d52-8005-ae00dc291adf,group_3,2125-11-20 00:06:58.037765,Mobile,Mobile,2127-01-04 23:20:50.874722,2127-01-04,2127-01-05 00:03:50.874722,43,2,3,0,4,0,3,0,2,2,0,4,5,0,0,0,1,3,1,5,2,5,2,2,2,0,0,4
ed2ab248-4db3-4538-a370-7656c1eef2f8,9c1387a5-8cec-4d52-8005-ae00dc291adf,group_3,2125-11-20 00:06:58.037765,Mobile,Desktop,2127-03-14 15:15:44.209966,2127-03-14,2127-03-14 16:00:44.209966,45,2,4,0,5,0,0,0,5,5,1,5,4,0,1,0,2,2,1,4,5,2,5,5,5,0,0,1
882d9683-0893-4d1d-96d2-4179c20667c1,9c1387a5-8cec-4d52-8005-ae00dc291adf,group_3,2125-11-20 00:06:58.037765,Mobile,Tablet,2126-11-18 07:56:07.145712,2126-11-18,2126-11-18 09:18:07.145712,82,3,2,0,5,0,4,4,4,1,1,2,5,0,3,0,4,2,5,3,5,2,3,3,0,1,1,4
b22789f4-f1b6-4305-80e8-6acb54eb4a11,f8017052-adf8-4fcf-8c7e-e4c6ffa4334c,group_1,2127-09-12 15:21:22.887327,Tablet,Mobile,2127-12-24 08:22:11.928881,2127-12-24,2127-12-24 10:16:11.928881,114,4,5,0,0,1,3,4,1,4,1,2,3,0,0,0,2,2,0,0,1,3,2,1,5,0,1,5
627bd6c7-01ff-443c-a405-2cacec9495b7,f8017052-adf8-4fcf-8c7e-e4c6ffa4334c,group_1,2127-09-12 15:21:22.887327,Tablet,Tablet,2127-10-18 03:28:36.139853,2127-10-18,2127-10-18 03:37:36.139853,9,2,5,1,0,0,5,5,1,2,0,0,3,0,0,1,5,5,3,0,5,3,5,1,4,1,0,1
62969af8-0203-4c06-959b-c060118b0ffb,f8017052-adf8-4fcf-8c7e-e4c6ffa4334c,group_1,2127-09-12 15:21:22.887327,Tablet,Tablet,2127-10-05 00:54:43.776843,2127-10-05,2127-10-05 02:46:43.776843,112,0,1,0,4,0,1,1,0,5,0,5,0,0,4,0,1,0,1,2,0,4,5,1,3,0,0,3
bf11edcb-246f-4105-8875-8b34c7cc924a,f5d91d45-5d28-4ec7-8860-f7a691ab41aa,group_1,2127-03-03 07:29:37.949990,Desktop,Tablet,2127-09-11 10:47:27.541636,2127-09-11,2127-09-11 11:35:27.541636,48,2,1,1,2,0,0,1,3,1,0,4,0,0,2,0,4,0,5,4,0,0,4,5,4,0,0,0
c5de215a-f201-4b26-91da-9bfe80e1d2cc,f5d91d45-5d28-4ec7-8860-f7a691ab41aa,group_1,2127-03-03 07:29:37.949990,Desktop,Tablet,2127-09-21 03:27:42.532820,2127-09-21,2127-09-21 03:58:42.532820,31,2,1,1,5,0,5,3,4,3,0,3,0,0,0,1,1,0,5,1,0,3,1,1,4,0,0,0
f84620fa-8d57-418c-a69c-19a022530859,f5d91d45-5d28-4ec7-8860-f7a691ab41aa,group_1,2127-03-03 07:29:37.949990,Desktop,Tablet,2127-09-08 12:32:32.114961,2127-09-08,2127-09-08 12:43:32.114961,11,2,4,1,0,0,3,3,4,3,0,3,2,0,0,0,1,3,3,5,1,0,4,3,2,1,1,4
0c3e7546-9d7a-4ec0-bfa0-7140f093d034,1293fdb7-2756-4d9b-9469-83a2993fc7fb,group_3,2123-02-28 23:44:35.287589,Mobile,Tablet,2124-07-04 22:36:30.260470,2124-07-04,2124-07-05 00:14:30.260470,98,1,3,0,2,0,2,1,2,0,0,5,0,0,3,0,5,0,3,4,2,4,2,2,5,1,0,3
f575ec14-133b-46b6-b8b1-24943246f406,6bfdb7d6-326a-4b2b-811c-c841c5fa8a77,group_3,2124-07-30 22:49:17.669541,Desktop,Mobile,2126-11-23 05:17:18.828793,2126-11-23,2126-11-23 06:26:18.828793,69,4,0,0,4,0,2,0,1,3,0,3,5,0,5,1,3,5,3,4,2,2,2,4,3,0,1,1
00ed40e6-d2d2-498a-8662-a103658f7000,6bfdb7d6-326a-4b2b-811c-c841c5fa8a77,group_3,2124-07-30 22:49:17.669541,Desktop,Tablet,2124-11-01 20:59:46.867580,2124-11-01,2124-11-01 21:18:46.867580,19,4,3,2,2,0,5,3,0,2,0,2,1,1,1,1,0,1,5,4,2,4,5,3,5,0,1,0
2fe1364a-e8e3-4528-a0fc-2e8ac653f4da,6bfdb7d6-326a-4b2b-811c-c841c5fa8a77,group_3,2124-07-30 22:49:17.669541,Desktop,Mobile,2125-08-17 09:18:29.326890,2125-08-17,2125-08-17 10:57:29.326890,99,3,1,0,3,0,2,0,0,3,1,0,2,0,0,0,3,4,1,2,1,2,5,1,5,0,0,0
9084794e-1042-40ed-97da-cbd021ab3e38,6bfdb7d6-326a-4b2b-811c-c841c5fa8a77,group_3,2124-07-30 22:49:17.669541,Desktop,Mobile,2127-05-21 17:54:35.630921,2127-05-21,2127-05-21 19:34:35.630921,100,5,1,0,4,1,0,2,2,4,1,1,4,0,4,0,3,3,2,1,4,0,2,2,1,1,1,3
813d302e-ce40-4c70-bf56-c5064a52e582,6bfdb7d6-326a-4b2b-811c-c841c5fa8a77,group_3,2124-07-30 22:49:17.669541,Desktop,Desktop,2126-12-08 08:18:45.621329,2126-12-08,2126-12-08 09:06:45.621329,48,2,4,2,5,0,0,0,0,1,1,4,3,1,0,1,1,1,3,5,5,4,0,2,3,0,0,0
35ff93bd-01a4-4f59-98aa-24d846dd5fb3,6bfdb7d6-326a-4b2b-811c-c841c5fa8a77,group_3,2124-07-30 22:49:17.669541,Desktop,Mobile,2127-06-04 06:24:14.502339,2127-06-04,2127-06-04 07:33:14.502339,69,2,0,0,0,0,5,4,1,1,0,2,5,1,4,1,2,5,2,2,4,2,3,4,3,0,1,2
9e8638fc-5fb1-48ce-bded-e9041b6a8b8b,6bfdb7d6-326a-4b2b-811c-c841c5fa8a77,group_3,2124-07-30 22:49:17.669541,Desktop,Desktop,2125-10-16 05:10:05.480215,2125-10-16,2125-10-16 06:17:05.480215,67,4,0,1,0,0,3,2,0,1,0,5,2,0,3,1,1,2,2,3,1,1,1,4,2,2,2,2
c501a395-0dba-4946-9e5b-f0ff3e11e4db,b2ae3b65-e8eb-4b09-8b07-492d3b58104c,group_2,2125-10-02 11:46:58.368172,Tablet,Tablet,2127-12-07 11:53:50.820176,2127-12-07,2127-12-07 13:36:50.820176,103,1,3,0,3,1,4,2,4,4,0,5,4,0,2,0,2,2,5,4,1,0,5,2,5,1,0,0
2aee309d-1b5f-4ae5-89f1-a20d3b7c52b2,b2ae3b65-e8eb-4b09-8b07-492d3b58104c,group_2,2125-10-02 11:46:58.368172,Tablet,Mobile,2127-07-02 07:11:36.834583,2127-07-02,2127-07-02 08:01:36.834583,50,1,3,0,0,0,1,5,0,0,0,1,1,0,1,0,5,3,1,0,5,1,4,4,0,0,1,0
685e3426-a422-4431-ad25-ee0db66fcadd,b2ae3b65-e8eb-4b09-8b07-492d3b58104c,group_2,2125-10-02 11:46:58.368172,Tablet,Tablet,2126-08-02 10:38:54.732628,2126-08-02,2126-08-02 10:46:54.732628,8,4,4,0,1,0,1,5,0,3,0,5,4,0,1,0,4,1,3,1,0,0,3,5,2,0,0,1
0d032bbc-3c0d-4411-81b0-8f40ac5bfe40,0b500585-4e88-4560-8ee1-af74619f8efe,group_1,2125-08-14 01:31:06.288190,Mobile,Tablet,2125-08-28 06:02:52.781260,2125-08-28,2125-08-28 07:01:52.781260,59,5,5,0,0,0,5,4,3,3,0,2,2,0,4,1,0,0,5,0,5,4,2,4,4,1,0,5
46667fa2-4806-4f68-ae2e-24477f9ee1d2,0b500585-4e88-4560-8ee1-af74619f8efe,group_1,2125-08-14 01:31:06.288190,Mobile,Mobile,2126-09-11 23:22:49.518147,2126-09-11,2126-09-11 23:25:49.518147,3,3,2,0,0,2,3,5,4,4,0,2,5,0,3,1,5,0,2,2,1,3,2,4,2,0,0,1
75fe54d9-06d9-48cf-aa30-b48360f9fd3c,0b500585-4e88-4560-8ee1-af74619f8efe,group_1,2125-08-14 01:31:06.288190,Mobile,Tablet,2126-05-28 16:11:32.664056,2126-05-28,2126-05-28 17:09:32.664056,58,0,3,1,5,0,0,1,3,0,0,3,5,0,5,0,3,5,4,1,3,5,3,4,5,0,0,2
18fb363e-41d5-4c61-bb10-ac73f860ab44,fc7208e9-bb11-4bd8-a0ad-7936b3e0b3ed,group_3,2124-11-28 02:24:46.469657,Desktop,Mobile,2127-05-02 04:18:20.113798,2127-05-02,2127-05-02 04:57:20.113798,39,5,4,0,3,1,4,2,2,2,0,5,4,1,2,2,4,2,4,2,4,2,5,3,1,2,2,4
b8279327-e5b7-4dd6-bf53-41b868bdd1b6,fc7208e9-bb11-4bd8-a0ad-7936b3e0b3ed,group_3,2124-11-28 02:24:46.469657,Desktop,Desktop,2126-05-29 15:18:05.194351,2126-05-29,2126-05-29 17:00:05.194351,102,1,4,1,4,1,0,5,1,5,0,2,0,0,4,1,3,5,2,0,2,2,4,0,2,1,1,4
bd80c863-1fb1-4a81-9875-269b46496681,fc7208e9-bb11-4bd8-a0ad-7936b3e0b3ed,group_3,2124-11-28 02:24:46.469657,Desktop,Tablet,2126-04-07 13:15:25.396477,2126-04-07,2126-04-07 13:36:25.396477,21,1,4,2,2,0,2,0,3,2,1,0,4,0,2,0,1,3,5,0,0,5,4,3,5,0,0,0
e41c7a32-f4a0-4b90-86c7-9083ad92110a,fc7208e9-bb11-4bd8-a0ad-7936b3e0b3ed,group_3,2124-11-28 02:24:46.469657,Desktop,Tablet,2126-11-04 04:07:07.913815,2126-11-04,2126-11-04 04:49:07.913815,42,4,4,0,2,0,1,5,1,4,0,1,2,1,3,0,0,5,2,0,0,3,4,2,3,0,2,5
55549c6a-033a-4554-a510-a2f4fb856878,fc7208e9-bb11-4bd8-a0ad-7936b3e0b3ed,group_3,2124-11-28 02:24:46.469657,Desktop,Tablet,2125-01-05 10:53:06.734447,2125-01-05,2125-01-05 11:59:06.734447,66,0,4,0,3,0,4,1,5,2,0,1,2,0,0,0,5,2,4,5,3,3,5,1,2,0,0,5
c0288dae-c4ce-4e62-b979-426690587dee,fc7208e9-bb11-4bd8-a0ad-7936b3e0b3ed,group_3,2124-11-28 02:24:46.469657,Desktop,Mobile,2127-01-22 17:52:36.190268,2127-01-22,2127-01-22 18:10:36.190268,18,1,0,0,2,0,4,2,2,4,1,5,2,1,1,0,2,0,1,3,5,0,2,1,0,1,1,4
02a4bb91-eb42-4524-a598-060e99de653d,fc7208e9-bb11-4bd8-a0ad-7936b3e0b3ed,group_3,2124-11-28 02:24:46.469657,Desktop,Desktop,2126-05-28 19:55:58.617315,2126-05-28,2126-05-28 21:00:58.617315,65,3,0,2,3,1,0,5,5,5,2,1,3,0,3,1,0,0,1,4,2,2,3,0,4,2,1,1
84014068-deac-4635-bc14-744459f13d6a,fc7208e9-bb11-4bd8-a0ad-7936b3e0b3ed,group_3,2124-11-28 02:24:46.469657,Desktop,Tablet,2125-11-19 19:24:35.585214,2125-11-19,2125-11-19 20:34:35.585214,70,3,3,0,3,2,4,5,5,3,0,1,3,2,5,0,2,3,3,0,5,3,3,2,1,0,0,1
8d4f8eba-74a7-4770-b41a-2bfc6640d63c,3ce119dc-4d7b-4c6b-8e59-1b3d30463226,group_3,2123-10-08 10:23:36.511050,Mobile,Tablet,2126-10-13 10:06:32.868216,2126-10-13,2126-10-13 10:35:32.868216,29,5,3,0,5,0,4,3,4,3,1,2,0,2,3,0,4,4,4,2,3,4,0,2,3,4,1,0
0f2b0e36-eb7c-4e61-b01e-fe8855c7331c,3ce119dc-4d7b-4c6b-8e59-1b3d30463226,group_3,2123-10-08 10:23:36.511050,Mobile,Desktop,2127-10-22 15:04:57.738045,2127-10-22,2127-10-22 15:48:57.738045,44,4,2,0,0,2,0,0,5,5,0,0,2,0,1,0,1,4,0,1,4,4,0,5,1,2,0,5
765d02c2-453d-42d2-9fc0-a4cf84b90586,3ce119dc-4d7b-4c6b-8e59-1b3d30463226,group_3,2123-10-08 10:23:36.511050,Mobile,Tablet,2127-01-23 20:39:46.240220,2127-01-23,2127-01-23 21:14:46.240220,35,3,5,0,0,0,3,2,0,0,0,2,3,0,1,0,0,0,1,5,0,5,2,5,1,0,0,5
08060e19-4f3e-4535-9b3d-914c0b62cde6,3ce119dc-4d7b-4c6b-8e59-1b3d30463226,group_3,2123-10-08 10:23:36.511050,Mobile,Desktop,2127-08-24 22:07:17.144671,2127-08-24,2127-08-24 22:39:17.144671,32,0,2,0,0,1,1,2,0,2,1,3,0,0,0,0,1,5,4,2,5,3,3,4,3,0,0,1
bb28ff2a-b9a7-42a3-b8b5-d6437dbb0319,3ce119dc-4d7b-4c6b-8e59-1b3d30463226,group_3,2123-10-08 10:23:36.511050,Mobile,Mobile,2124-08-20 20:04:22.284365,2124-08-20,2124-08-20 21:58:22.284365,114,0,2,1,0,0,1,4,1,2,1,0,1,1,5,0,0,3,3,5,3,1,3,2,2,2,3,3
67f5f2fd-ccbf-4902-addc-4077bba4f5b0,3ce119dc-4d7b-4c6b-8e59-1b3d30463226,group_3,2123-10-08 10:23:36.511050,Mobile,Mobile,2124-10-14 07:20:40.684048,2124-10-14,2124-10-14 07:54:40.684048,34,4,2,0,4,0,1,3,1,3,0,2,3,0,2,0,2,0,3,2,5,4,2,2,3,1,0,4
99dc0352-80dc-4eee-9fc9-53e879876999,34c114bb-4f72-4e6d-902c-624e82e8fe86,group_3,2126-04-22 05:57:52.370908,Tablet,Desktop,2126-12-31 19:09:12.263233,2126-12-31,2126-12-31 20:14:12.263233,65,1,1,0,0,3,3,0,1,4,0,1,1,0,3,1,2,4,1,3,2,2,3,2,1,0,1,3
f9e22084-1e4b-4f33-93e5-cabd88a83422,e2819c86-34c5-4dee-97a5-1decf3d7312f,group_3,2126-11-06 08:57:47.826451,Desktop,Desktop,2127-07-03 05:27:32.097365,2127-07-03,2127-07-03 06:32:32.097365,65,2,3,1,4,0,5,0,2,4,0,0,5,1,4,1,1,4,4,1,0,4,1,1,1,0,0,5
3a9f06ad-82ec-4340-99b1-22b720180b6c,e2819c86-34c5-4dee-97a5-1decf3d7312f,group_3,2126-11-06 08:57:47.826451,Desktop,Desktop,2127-09-20 16:10:42.718599,2127-09-20,2127-09-20 17:48:42.718599,98,3,0,0,5,0,5,3,0,4,0,4,4,2,3,0,5,5,2,1,5,5,2,4,0,0,1,5
77f07ee9-6f52-4fea-b73e-34e141878e90,e2819c86-34c5-4dee-97a5-1decf3d7312f,group_3,2126-11-06 08:57:47.826451,Desktop,Mobile,2126-11-09 22:19:42.925532,2126-11-09,2126-11-09 22:44:42.925532,25,2,2,1,1,0,2,5,0,3,1,2,5,0,2,0,2,1,3,0,4,2,4,5,1,1,0,1
ef1bae34-8078-481e-a588-63b44f7a8217,e2819c86-34c5-4dee-97a5-1decf3d7312f,group_3,2126-11-06 08:57:47.826451,Desktop,Desktop,2127-03-17 15:34:59.808356,2127-03-17,2127-03-17 16:47:59.808356,73,2,0,2,0,1,3,3,5,4,0,4,5,0,2,0,1,5,1,4,1,5,5,3,4,1,0,5
f4a8ae9d-7b46-464e-99fa-a0a574b1325a,70b59e25-8525-4e6d-b815-5c08e0f9890c,group_2,2123-08-03 19:44:45.240399,Desktop,Mobile,2125-01-25 16:05:58.870701,2125-01-25,2125-01-25 17:22:58.870701,77,0,4,1,5,0,0,5,5,1,2,4,3,0,3,0,2,0,1,3,0,5,2,1,4,2,2,5
2621af14-6c5b-490e-adf7-5cf3cc01e8b8,70b59e25-8525-4e6d-b815-5c08e0f9890c,group_2,2123-08-03 19:44:45.240399,Desktop,Mobile,2124-12-22 22:57:48.759899,2124-12-22,2124-12-22 23:08:48.759899,11,5,4,0,2,0,3,5,1,3,0,5,1,0,1,0,2,5,0,0,2,4,0,0,3,2,0,2
f6754018-41f1-4139-b507-3c3039490965,f6e2c516-15cd-48bb-8ca7-d688c9a50265,group_1,2123-09-17 00:57:22.273352,Mobile,Desktop,2124-07-10 09:29:01.406869,2124-07-10,2124-07-10 10:38:01.406869,69,4,0,1,5,0,0,4,0,5,0,1,5,0,5,1,3,5,1,3,2,4,1,4,2,2,0,0
bd83266e-66c5-4527-ac5f-734dc166e5a7,f6e2c516-15cd-48bb-8ca7-d688c9a50265,group_1,2123-09-17 00:57:22.273352,Mobile,Tablet,2127-11-27 03:31:11.663023,2127-11-27,2127-11-27 05:30:11.663023,119,2,5,0,4,0,2,0,5,1,1,2,0,1,3,0,1,2,1,0,3,2,1,4,1,0,0,1
bb5dec0e-44dd-4b3d-8bd0-7df51a1a39cf,f6e2c516-15cd-48bb-8ca7-d688c9a50265,group_1,2123-09-17 00:57:22.273352,Mobile,Mobile,2125-02-06 12:12:24.780002,2125-02-06,2125-02-06 12:30:24.780002,18,5,4,1,4,0,4,3,5,4,0,0,5,1,4,2,2,5,0,3,0,5,3,0,1,1,0,5
11baa297-a575-4f70-9df1-2c4843ca04ec,f6e2c516-15cd-48bb-8ca7-d688c9a50265,group_1,2123-09-17 00:57:22.273352,Mobile,Tablet,2124-06-24 12:32:04.325544,2124-06-24,2124-06-24 13:36:04.325544,64,3,5,4,5,0,4,1,0,2,1,3,2,1,1,1,4,2,2,5,2,5,1,4,2,2,2,1
382e5df8-8ebc-404e-a9cf-af491b205a83,f6e2c516-15cd-48bb-8ca7-d688c9a50265,group_1,2123-09-17 00:57:22.273352,Mobile,Desktop,2124-04-25 01:06:20.927090,2124-04-25,2124-04-25 01:57:20.927090,51,0,5,1,3,0,0,5,1,3,0,0,0,0,5,1,2,4,2,3,1,1,4,0,5,0,2,1
21031f62-ce32-4c6d-bfa3-422db9d8f0bc,f6e2c516-15cd-48bb-8ca7-d688c9a50265,group_1,2123-09-17 00:57:22.273352,Mobile,Tablet,2126-07-31 09:43:34.736979,2126-07-31,2126-07-31 10:16:34.736979,33,1,3,2,5,0,1,0,4,5,0,5,1,1,1,0,1,1,4,2,1,1,4,0,5,0,1,4
bcaa02ab-d41f-40d4-8238-d0fae629d920,f6e2c516-15cd-48bb-8ca7-d688c9a50265,group_1,2123-09-17 00:57:22.273352,Mobile,Tablet,2125-12-18 16:34:36.229603,2125-12-18,2125-12-18 18:21:36.229603,107,5,2,1,0,1,0,1,3,5,0,5,5,0,0,0,4,2,0,1,2,1,1,3,3,0,0,3
2b8a612c-3431-4ac1-87ef-471f5d095730,f6e2c516-15cd-48bb-8ca7-d688c9a50265,group_1,2123-09-17 00:57:22.273352,Mobile,Mobile,2127-03-01 17:14:47.153160,2127-03-01,2127-03-01 19:05:47.153160,111,1,4,1,5,2,0,0,3,5,0,2,4,1,3,1,0,0,2,5,4,4,5,0,3,2,1,1
824c8154-a94c-44e6-a751-3cb9ea35b827,f6e2c516-15cd-48bb-8ca7-d688c9a50265,group_1,2123-09-17 00:57:22.273352,Mobile,Mobile,2125-02-17 07:28:53.322979,2125-02-17,2125-02-17 08:12:53.322979,44,1,1,0,4,0,1,0,4,1,0,3,4,0,5,1,2,2,0,0,4,2,3,0,1,0,0,2
e7753a2c-d7d5-4312-a614-7179f093ab57,5aec830e-45dd-4b6a-ba52-8dba880f1994,group_3,2126-10-06 02:14:10.635356,Tablet,Tablet,2127-10-23 20:20:20.823813,2127-10-23,2127-10-23 22:08:20.823813,108,2,1,1,1,1,4,0,4,5,0,2,3,0,5,0,1,3,4,0,0,3,1,5,1,0,1,4
7cce6414-0fe8-4941-868e-4e46b5a8e6a5,5aec830e-45dd-4b6a-ba52-8dba880f1994,group_3,2126-10-06 02:14:10.635356,Tablet,Desktop,2127-01-08 00:29:05.388141,2127-01-08,2127-01-08 02:28:05.388141,119,3,3,0,0,0,3,0,3,0,0,1,0,0,3,1,0,4,5,2,0,1,4,1,1,0,0,5
3b36f784-4b12-40f2-9c94-58fb337e3722,5aec830e-45dd-4b6a-ba52-8dba880f1994,group_3,2126-10-06 02:14:10.635356,Tablet,Tablet,2127-07-01 08:35:13.200765,2127-07-01,2127-07-01 09:54:13.200765,79,4,5,2,3,1,1,4,5,4,0,4,5,0,3,1,1,1,1,2,5,1,3,4,2,0,0,4
8125496b-3fa9-46b7-86aa-f4be33902b80,5aec830e-45dd-4b6a-ba52-8dba880f1994,group_3,2126-10-06 02:14:10.635356,Tablet,Tablet,2127-11-04 22:14:49.060748,2127-11-04,2127-11-04 22:15:49.060748,1,4,5,1,1,0,0,1,0,1,0,1,1,2,0,0,0,0,3,5,1,4,0,3,1,0,0,4
d42f2003-e11d-4127-8112-6d47e089f01a,a8b18229-0cb0-4e69-8331-eb10033b568f,group_1,2127-10-18 05:04:45.749480,Desktop,Mobile,2127-11-14 18:11:22.887856,2127-11-14,2127-11-14 19:15:22.887856,64,3,1,1,4,0,3,5,5,0,0,0,0,0,0,1,2,2,5,3,1,1,5,5,1,0,3,3
153c7e8f-04ed-4c8a-9f3e-f41c06fe696d,a8b18229-0cb0-4e69-8331-eb10033b568f,group_1,2127-10-18 05:04:45.749480,Desktop,Tablet,2127-11-26 20:42:35.023623,2127-11-26,2127-11-26 22:12:35.023623,90,0,4,0,2,0,1,4,1,3,1,3,2,1,2,0,5,4,0,0,4,4,4,4,4,2,0,1
acda9224-866e-4cb0-b44f-4c887c1ec6fd,a8b18229-0cb0-4e69-8331-eb10033b568f,group_1,2127-10-18 05:04:45.749480,Desktop,Tablet,2127-12-21 07:20:29.847713,2127-12-21,2127-12-21 07:36:29.847713,16,3,2,1,2,0,1,3,2,0,1,5,1,0,2,0,5,2,2,2,5,4,3,0,5,0,0,0
5cb1077e-142a-4c18-b248-eab51799de8b,a8b18229-0cb0-4e69-8331-eb10033b568f,group_1,2127-10-18 05:04:45.749480,Desktop,Mobile,2127-12-16 18:46:49.083617,2127-12-16,2127-12-16 18:53:49.083617,7,0,4,2,0,1,5,0,5,3,0,4,2,1,0,0,4,1,4,0,1,2,2,0,2,0,0,1
07ad70cb-8168-4771-8a86-7e16de75cae1,a8b18229-0cb0-4e69-8331-eb10033b568f,group_1,2127-10-18 05:04:45.749480,Desktop,Mobile,2127-11-11 21:29:47.406072,2127-11-11,2127-11-11 23:20:47.406072,111,3,5,0,1,0,4,2,3,0,0,5,3,0,3,1,3,1,0,1,3,0,4,4,1,1,0,5
b7a8280f-f21a-425b-bed5-6ad578d91c55,a8b18229-0cb0-4e69-8331-eb10033b568f,group_1,2127-10-18 05:04:45.749480,Desktop,Tablet,2127-12-01 01:32:48.778389,2127-12-01,2127-12-01 02:19:48.778389,47,2,2,1,0,0,4,5,3,2,0,3,0,0,4,1,2,4,3,1,1,3,3,4,5,0,0,0
8e5030e1-4c70-4dd8-a6ea-81d39b537432,a8b18229-0cb0-4e69-8331-eb10033b568f,group_1,2127-10-18 05:04:45.749480,Desktop,Mobile,2127-10-30 09:42:05.142001,2127-10-30,2127-10-30 11:32:05.142001,110,0,2,1,3,1,3,3,3,4,1,2,3,0,2,0,3,1,4,1,5,1,0,0,0,1,1,2
a9c9a1a8-ba15-43c1-9c6b-448f34aa7120,a8b18229-0cb0-4e69-8331-eb10033b568f,group_1,2127-10-18 05:04:45.749480,Desktop,Mobile,2127-12-21 06:46:18.948457,2127-12-21,2127-12-21 07:27:18.948457,41,1,0,0,3,0,3,2,3,2,2,2,3,0,5,1,4,4,2,0,4,1,1,4,1,0,2,1
0d83651b-50ae-4fb2-bb7d-4036615b43ce,a8b18229-0cb0-4e69-8331-eb10033b568f,group_1,2127-10-18 05:04:45.749480,Desktop,Mobile,2127-11-25 16:54:43.169221,2127-11-25,2127-11-25 17:22:43.169221,28,4,3,1,4,1,0,0,1,2,0,4,3,0,5,1,2,0,0,5,1,4,4,4,5,0,0,2
ef30ad1a-4e8d-4c89-a5d7-aa72b9e6689c,a8b18229-0cb0-4e69-8331-eb10033b568f,group_1,2127-10-18 05:04:45.749480,Desktop,Desktop,2127-11-06 07:55:28.345898,2127-11-06,2127-11-06 08:39:28.345898,44,3,0,1,4,1,4,3,3,2,2,4,5,0,4,0,0,0,5,2,5,1,3,0,4,0,0,5
eeb28d1f-5566-4709-8033-1d7173176979,74ee31bf-8e30-4652-a5d2-767b23c48861,group_1,2127-12-20 21:53:08.190604,Desktop,Desktop,2127-12-22 18:33:56.871297,2127-12-22,2127-12-22 19:22:56.871297,49,2,0,0,2,0,0,3,1,0,1,3,2,1,0,0,1,3,2,5,3,0,2,3,2,0,2,3
5998eafa-c88f-4cd7-93c8-96f05d9c40ee,74ee31bf-8e30-4652-a5d2-767b23c48861,group_1,2127-12-20 21:53:08.190604,Desktop,Mobile,2127-12-27 22:12:15.531383,2127-12-27,2127-12-28 00:00:15.531383,108,4,5,1,0,0,0,5,5,5,0,4,5,1,1,1,5,5,0,0,1,2,0,2,3,0,0,1
d5ef502c-e0b6-4bf2-b90e-880f6b33596d,74ee31bf-8e30-4652-a5d2-767b23c48861,group_1,2127-12-20 21:53:08.190604,Desktop,Tablet,2127-12-23 12:46:27.573201,2127-12-23,2127-12-23 13:35:27.573201,49,1,3,0,0,1,0,3,2,0,0,3,1,1,3,0,5,5,1,1,4,1,1,4,0,1,0,3
66f4f4e7-006c-4780-8155-0beb4dea963d,82da000f-85b9-4ca8-96c7-14728ab655fa,group_2,2123-03-12 18:13:42.297004,Tablet,Desktop,2127-07-28 13:21:20.839526,2127-07-28,2127-07-28 15:08:20.839526,107,0,4,2,5,0,1,0,5,2,1,0,0,0,1,1,5,2,5,1,1,2,4,2,4,1,1,2
c9cb3541-3e32-4ffa-927f-6f42f8e43aec,82da000f-85b9-4ca8-96c7-14728ab655fa,group_2,2123-03-12 18:13:42.297004,Tablet,Tablet,2125-09-21 14:41:19.406788,2125-09-21,2125-09-21 16:31:19.406788,110,0,5,0,1,0,4,4,5,2,1,1,4,1,1,1,2,3,0,3,4,2,5,4,0,1,0,5
8135e07d-8938-40b1-81e8-146c79cd7d9b,82da000f-85b9-4ca8-96c7-14728ab655fa,group_2,2123-03-12 18:13:42.297004,Tablet,Mobile,2124-09-15 16:02:37.940008,2124-09-15,2124-09-15 16:51:37.940008,49,5,0,3,4,1,2,2,3,5,0,5,0,0,0,0,0,5,2,3,5,0,1,5,3,0,0,1
2118a997-be33-40b3-a244-230c98f7822e,82da000f-85b9-4ca8-96c7-14728ab655fa,group_2,2123-03-12 18:13:42.297004,Tablet,Mobile,2125-01-14 21:22:03.969731,2125-01-14,2125-01-14 21:31:03.969731,9,4,0,1,0,0,0,3,0,2,0,2,0,0,3,0,0,3,3,5,3,3,0,3,5,0,1,1
20d4f159-a14e-4795-ab93-2a7b3fc16a2b,82da000f-85b9-4ca8-96c7-14728ab655fa,group_2,2123-03-12 18:13:42.297004,Tablet,Mobile,2127-05-10 16:58:47.312791,2127-05-10,2127-05-10 17:14:47.312791,16,5,0,1,3,1,2,1,4,2,0,2,5,0,1,1,2,2,2,1,3,5,2,1,0,1,2,0
6b153ec0-5642-4b96-a28c-18c042446fc8,78653cba-8305-4e5d-8a24-d326a4f42c80,group_2,2124-11-17 00:10:56.067542,Desktop,Tablet,2125-04-30 09:16:47.560100,2125-04-30,2125-04-30 11:01:47.560100,105,0,3,0,5,0,1,4,4,0,1,4,5,1,0,0,3,0,3,1,4,3,0,3,0,0,2,5
70bc4a37-6f76-49b9-8690-e03b45010737,78653cba-8305-4e5d-8a24-d326a4f42c80,group_2,2124-11-17 00:10:56.067542,Desktop,Desktop,2125-04-07 09:58:30.516497,2125-04-07,2125-04-07 10:40:30.516497,42,5,1,0,5,0,5,0,0,3,1,0,1,0,1,0,2,3,5,2,2,3,5,4,5,0,1,5
4f9aa08f-84bf-4283-8ab2-cdf5dcec6d94,78653cba-8305-4e5d-8a24-d326a4f42c80,group_2,2124-11-17 00:10:56.067542,Desktop,Desktop,2127-02-21 02:40:02.359039,2127-02-21,2127-02-21 03:29:02.359039,49,1,4,0,3,1,5,3,3,3,0,3,5,0,4,1,4,4,3,0,1,3,1,5,0,2,2,2
c78c0702-a818-4e60-958b-c1a46d9bd65a,78653cba-8305-4e5d-8a24-d326a4f42c80,group_2,2124-11-17 00:10:56.067542,Desktop,Mobile,2125-02-23 09:28:46.805948,2125-02-23,2125-02-23 10:44:46.805948,76,3,0,0,4,0,2,5,2,4,1,4,0,1,0,2,5,1,0,5,1,5,0,2,2,1,1,1
7decb579-8152-4fbb-bf8f-84cb84914dcb,78653cba-8305-4e5d-8a24-d326a4f42c80,group_2,2124-11-17 00:10:56.067542,Desktop,Desktop,2125-07-07 14:51:28.283799,2125-07-07,2125-07-07 15:30:28.283799,39,1,3,0,2,0,0,3,1,3,1,4,0,0,3,1,1,1,1,0,1,5,5,1,3,2,1,4
e5334d46-814d-4ba9-afd3-f960cd9032bc,78653cba-8305-4e5d-8a24-d326a4f42c80,group_2,2124-11-17 00:10:56.067542,Desktop,Tablet,2125-07-11 03:57:23.114043,2125-07-11,2125-07-11 04:57:23.114043,60,3,4,0,4,0,5,3,5,0,0,1,4,1,4,0,3,4,2,3,0,2,4,3,5,0,0,1
59c74534-9a39-45cc-9f00-9d1f954d67ab,78653cba-8305-4e5d-8a24-d326a4f42c80,group_2,2124-11-17 00:10:56.067542,Desktop,Tablet,2125-07-05 18:10:56.649695,2125-07-05,2125-07-05 19:48:56.649695,98,2,3,0,2,0,1,1,4,0,0,3,2,0,3,1,2,2,3,3,0,0,1,4,0,0,0,1
cc9df747-58e2-4640-8574-5da9e22791d1,78653cba-8305-4e5d-8a24-d326a4f42c80,group_2,2124-11-17 00:10:56.067542,Desktop,Desktop,2127-06-16 10:50:22.794724,2127-06-16,2127-06-16 11:32:22.794724,42,2,1,2,5,0,2,3,5,2,0,1,4,1,0,0,2,5,5,2,4,2,5,1,0,0,1,2
5c02a448-cafd-4998-b677-614dd8e5e325,78653cba-8305-4e5d-8a24-d326a4f42c80,group_2,2124-11-17 00:10:56.067542,Desktop,Mobile,2127-10-12 20:46:03.203922,2127-10-12,2127-10-12 22:09:03.203922,83,3,2,0,5,0,3,2,3,0,1,1,5,0,2,1,5,1,1,0,2,5,2,2,1,1,0,1
22756c48-71bf-4ddd-b5f9-69671f044869,4690a982-826f-4035-be57-0c53b7a6ee2b,group_2,2124-03-07 07:11:36.892295,Desktop,Mobile,2127-01-15 07:56:43.764458,2127-01-15,2127-01-15 09:44:43.764458,108,0,3,1,3,1,2,0,1,1,1,4,1,2,2,1,2,1,1,0,4,0,1,1,3,0,1,0
b926997e-d896-43e2-9b84-843613e7639c,4690a982-826f-4035-be57-0c53b7a6ee2b,group_2,2124-03-07 07:11:36.892295,Desktop,Tablet,2126-11-20 04:25:38.927077,2126-11-20,2126-11-20 05:38:38.927077,73,5,3,0,5,0,1,5,5,3,0,0,4,0,3,1,2,0,5,4,3,0,4,3,1,0,0,2
2a816ac1-4321-4bfd-9188-9f59e51eb1d0,4690a982-826f-4035-be57-0c53b7a6ee2b,group_2,2124-03-07 07:11:36.892295,Desktop,Desktop,2125-01-12 07:23:03.427875,2125-01-12,2125-01-12 08:08:03.427875,45,2,2,0,5,1,4,4,1,3,0,2,0,1,1,0,3,1,4,5,3,2,1,2,3,4,0,2
289fa919-1580-4196-bff1-24de285428a5,4690a982-826f-4035-be57-0c53b7a6ee2b,group_2,2124-03-07 07:11:36.892295,Desktop,Mobile,2127-05-08 18:25:02.724860,2127-05-08,2127-05-08 19:54:02.724860,89,5,5,1,2,0,1,4,2,3,1,0,3,2,2,0,0,5,2,2,0,1,2,0,2,1,1,3
2a9d78f9-5181-40f0-9b0d-d2fecc5f5b38,4690a982-826f-4035-be57-0c53b7a6ee2b,group_2,2124-03-07 07:11:36.892295,Desktop,Tablet,2125-02-20 13:13:30.669683,2125-02-20,2125-02-20 14:18:30.669683,65,5,5,1,1,1,5,4,4,2,1,4,5,1,0,1,1,4,1,1,5,0,0,5,3,0,2,5
06fe2548-6fbd-4ea6-abd2-d26035a40cb4,55ffe2bf-4e98-4c88-a889-5ab5443cb4e4,group_1,2124-03-28 05:55:23.684986,Desktop,Desktop,2126-04-16 04:18:50.689380,2126-04-16,2126-04-16 05:02:50.689380,44,4,5,1,1,0,3,1,0,0,0,3,1,1,4,1,1,2,5,0,3,3,0,3,5,1,2,0
cf9fcfb4-1845-4f20-9b40-b59f165d9c5c,55ffe2bf-4e98-4c88-a889-5ab5443cb4e4,group_1,2124-03-28 05:55:23.684986,Desktop,Desktop,2124-10-25 14:06:17.797177,2124-10-25,2124-10-25 14:30:17.797177,24,3,2,1,4,0,3,2,2,5,2,3,1,0,3,0,2,0,4,0,4,5,4,5,0,0,0,2
4d2c5527-cf9e-47a4-989b-042d401f38b9,55ffe2bf-4e98-4c88-a889-5ab5443cb4e4,group_1,2124-03-28 05:55:23.684986,Desktop,Mobile,2127-08-19 17:50:26.793126,2127-08-19,2127-08-19 17:53:26.793126,3,0,0,1,4,0,4,5,1,1,0,2,4,1,4,1,4,2,4,4,3,0,4,5,4,0,1,2
38c5ec5c-7cc7-4639-8d54-6052f7eb182f,55ffe2bf-4e98-4c88-a889-5ab5443cb4e4,group_1,2124-03-28 05:55:23.684986,Desktop,Mobile,2126-08-07 23:57:45.471622,2126-08-07,2126-08-08 01:22:45.471622,85,5,3,2,3,0,0,4,3,5,1,2,1,0,4,0,3,0,4,0,3,3,2,0,1,1,0,4
94fd6014-1742-45fc-9eae-9cdcfa9661bc,55ffe2bf-4e98-4c88-a889-5ab5443cb4e4,group_1,2124-03-28 05:55:23.684986,Desktop,Desktop,2127-07-27 22:46:32.817554,2127-07-27,2127-07-28 00:20:32.817554,94,0,1,1,3,0,0,0,2,2,2,2,3,1,4,1,5,2,1,5,4,5,2,1,3,0,0,4
173dbc24-493f-4aa5-9e5e-b4fbf5aececa,2167ea12-5582-4a69-bf71-e898982ddab7,group_2,2124-03-15 17:07:32.997531,Mobile,Desktop,2127-05-05 21:22:57.787115,2127-05-05,2127-05-05 22:31:57.787115,69,3,5,0,5,0,0,1,1,4,0,2,5,1,3,1,5,0,4,3,5,4,2,2,1,1,2,1
efdca118-e1b3-49e7-8495-95a6dbfcf55f,2167ea12-5582-4a69-bf71-e898982ddab7,group_2,2124-03-15 17:07:32.997531,Mobile,Tablet,2124-10-17 12:38:00.911020,2124-10-17,2124-10-17 13:39:00.911020,61,5,2,0,3,1,5,4,1,3,2,0,5,3,2,2,4,4,3,3,0,5,5,4,3,0,1,0
d8443d1f-024d-447d-8eee-2606f251d3d8,2167ea12-5582-4a69-bf71-e898982ddab7,group_2,2124-03-15 17:07:32.997531,Mobile,Mobile,2126-09-07 02:16:54.706046,2126-09-07,2126-09-07 02:35:54.706046,19,0,3,1,3,0,0,5,1,0,0,2,0,1,1,1,3,0,0,0,1,2,5,0,4,0,0,0
0f220797-7eac-4133-9caa-d2618b14430d,2167ea12-5582-4a69-bf71-e898982ddab7,group_2,2124-03-15 17:07:32.997531,Mobile,Mobile,2126-06-14 16:35:40.744100,2126-06-14,2126-06-14 18:27:40.744100,112,3,5,1,4,0,5,2,1,2,0,3,4,0,3,0,0,4,5,1,2,5,5,4,5,0,0,4
37b73229-36f9-45c3-ad33-cd8f38809efe,2167ea12-5582-4a69-bf71-e898982ddab7,group_2,2124-03-15 17:07:32.997531,Mobile,Desktop,2124-10-30 10:08:39.814255,2124-10-30,2124-10-30 12:03:39.814255,115,4,0,0,0,0,5,1,3,1,0,1,4,0,1,0,4,0,2,0,4,2,1,0,1,0,2,2
eeeb7a5c-0215-476a-8f16-efa11362c23b,2167ea12-5582-4a69-bf71-e898982ddab7,group_2,2124-03-15 17:07:32.997531,Mobile,Desktop,2127-02-24 08:14:07.665852,2127-02-24,2127-02-24 09:31:07.665852,77,0,5,0,3,1,2,0,1,4,2,0,3,0,2,0,5,0,0,3,0,5,3,4,2,0,0,5
3be4dcda-5825-4d88-99b1-4bccbdb426fe,2167ea12-5582-4a69-bf71-e898982ddab7,group_2,2124-03-15 17:07:32.997531,Mobile,Tablet,2127-05-09 12:14:13.121034,2127-05-09,2127-05-09 13:14:13.121034,60,0,0,1,1,0,0,2,4,2,1,5,4,0,1,0,5,5,4,1,1,1,2,0,0,0,0,1
91b7e528-6c0d-4aaa-a6e8-85e77ccbb033,2167ea12-5582-4a69-bf71-e898982ddab7,group_2,2124-03-15 17:07:32.997531,Mobile,Tablet,2126-06-27 05:37:35.196030,2126-06-27,2126-06-27 07:33:35.196030,116,4,5,1,1,2,4,3,3,4,0,0,0,1,4,1,4,1,4,0,1,3,5,4,0,0,0,5
390d3db1-37e3-4857-8771-c454906ab4bf,7461fba1-17f4-4402-9e3f-946a26871bf8,group_2,2123-07-12 13:32:09.606011,Mobile,Tablet,2127-09-19 22:56:26.365573,2127-09-19,2127-09-20 00:27:26.365573,91,3,1,0,3,1,5,0,0,5,1,3,3,0,4,0,4,1,1,3,2,2,5,0,2,0,0,5
c1e5fd5e-1fc8-496c-9c99-1b2050a2aebc,7461fba1-17f4-4402-9e3f-946a26871bf8,group_2,2123-07-12 13:32:09.606011,Mobile,Desktop,2127-09-24 04:56:35.858864,2127-09-24,2127-09-24 06:52:35.858864,116,2,2,0,0,1,4,4,0,3,1,3,0,1,5,3,5,5,3,4,4,0,0,2,2,0,0,2
a9169e32-4a34-486a-a5fb-842a77e504e8,7461fba1-17f4-4402-9e3f-946a26871bf8,group_2,2123-07-12 13:32:09.606011,Mobile,Tablet,2124-10-27 23:08:22.432521,2124-10-27,2124-10-27 23:50:22.432521,42,3,3,2,3,0,1,1,2,1,0,3,0,0,1,0,2,1,1,1,4,3,1,3,2,0,1,0
d5041dc2-c552-46af-af02-d7bab576eaac,7461fba1-17f4-4402-9e3f-946a26871bf8,group_2,2123-07-12 13:32:09.606011,Mobile,Desktop,2127-07-25 21:49:52.659921,2127-07-25,2127-07-25 22:39:52.659921,50,2,1,0,2,1,2,3,4,1,0,5,0,1,4,0,3,1,2,4,2,2,5,5,3,1,0,1
119aec59-3f09-4c53-a258-25be778f498e,7461fba1-17f4-4402-9e3f-946a26871bf8,group_2,2123-07-12 13:32:09.606011,Mobile,Desktop,2125-04-13 21:34:55.929454,2125-04-13,2125-04-13 23:03:55.929454,89,1,3,0,5,0,3,1,2,5,0,4,2,0,5,0,0,3,5,3,5,4,4,0,4,0,1,2
067a1353-56d6-4a55-8958-5b748044a765,b8cb2de2-dd31-4d45-843e-600bf7e396d7,group_3,2127-08-25 22:40:09.039220,Mobile,Desktop,2127-11-07 01:04:29.457526,2127-11-07,2127-11-07 01:41:29.457526,37,0,2,1,5,0,1,3,1,5,0,0,1,1,2,1,0,1,4,2,1,3,1,5,0,0,1,5
b550a852-21f8-4301-8d7b-2e248f7ecbf7,b8cb2de2-dd31-4d45-843e-600bf7e396d7,group_3,2127-08-25 22:40:09.039220,Mobile,Mobile,2127-11-12 11:52:50.696644,2127-11-12,2127-11-12 12:46:50.696644,54,2,4,0,4,0,3,4,4,5,1,3,2,1,0,0,0,0,2,1,3,5,3,4,4,1,1,3
d42fd604-cca2-453c-aae8-ad0faa43f24e,b8cb2de2-dd31-4d45-843e-600bf7e396d7,group_3,2127-08-25 22:40:09.039220,Mobile,Desktop,2127-12-05 06:22:13.752424,2127-12-05,2127-12-05 07:17:13.752424,55,0,0,1,5,1,3,1,3,2,1,3,4,0,4,0,0,3,5,5,5,3,4,2,4,0,1,2
6a303159-714b-49ec-9ad8-55c6ae775e16,b8cb2de2-dd31-4d45-843e-600bf7e396d7,group_3,2127-08-25 22:40:09.039220,Mobile,Desktop,2127-08-31 07:16:17.479567,2127-08-31,2127-08-31 08:34:17.479567,78,5,5,1,3,0,3,0,4,2,0,2,5,0,4,2,4,3,1,4,1,0,4,4,2,0,0,2
d86fe159-1566-45de-97ed-25de9ea4feb9,b8cb2de2-dd31-4d45-843e-600bf7e396d7,group_3,2127-08-25 22:40:09.039220,Mobile,Tablet,2127-10-29 03:25:05.698238,2127-10-29,2127-10-29 04:29:05.698238,64,2,5,0,4,1,2,3,5,0,1,3,4,1,2,0,0,3,1,2,3,3,0,4,3,0,1,0
61ceb9f8-5115-4a9c-8fe6-0c5a291bee53,3fa279e1-e307-432a-b3fd-cf9b6f30f39a,group_2,2125-04-03 22:56:40.549492,Desktop,Desktop,2127-07-06 18:05:30.984352,2127-07-06,2127-07-06 18:31:30.984352,26,2,5,0,0,0,1,4,3,3,0,3,3,0,0,0,4,4,1,0,1,1,4,3,3,0,1,3
48de8b94-8315-4aed-9c87-4521977e1ae8,3fa279e1-e307-432a-b3fd-cf9b6f30f39a,group_2,2125-04-03 22:56:40.549492,Desktop,Tablet,2126-03-17 11:05:35.172680,2126-03-17,2126-03-17 11:40:35.172680,35,3,5,0,3,1,3,3,4,5,0,0,0,2,2,0,4,4,1,1,1,2,3,5,3,1,0,2
272dd29f-242e-47f7-b177-b30564f649fe,3fa279e1-e307-432a-b3fd-cf9b6f30f39a,group_2,2125-04-03 22:56:40.549492,Desktop,Tablet,2125-08-27 14:45:54.280896,2125-08-27,2125-08-27 15:07:54.280896,22,4,2,0,5,1,3,0,5,5,0,2,5,0,3,0,0,0,2,3,4,5,3,3,0,1,1,1
549c293c-2d46-485f-8329-5079fcd861ab,cf7133fe-6e24-4c84-8ed4-7d975a91ef7d,group_1,2126-01-17 08:51:42.074107,Mobile,Desktop,2127-06-20 12:15:20.984686,2127-06-20,2127-06-20 14:03:20.984686,108,4,2,0,0,1,3,4,5,4,0,2,4,1,3,0,4,2,1,5,2,1,1,4,0,0,1,1
bec22b83-4195-4194-bddf-3099344f3286,cf7133fe-6e24-4c84-8ed4-7d975a91ef7d,group_1,2126-01-17 08:51:42.074107,Mobile,Mobile,2126-05-09 12:37:28.309211,2126-05-09,2126-05-09 13:16:28.309211,39,2,0,1,5,0,1,1,0,3,1,2,4,0,5,0,1,2,1,0,1,3,3,5,1,0,0,0
892a6cd9-48ed-4f4e-a259-0d0e9391e95f,cf7133fe-6e24-4c84-8ed4-7d975a91ef7d,group_1,2126-01-17 08:51:42.074107,Mobile,Mobile,2127-11-01 20:05:43.504059,2127-11-01,2127-11-01 21:56:43.504059,111,5,1,1,2,2,4,4,2,4,0,5,0,0,5,1,0,4,3,4,2,3,5,0,0,1,0,1
b282b0b4-5022-453b-bbc8-1fb16aae9996,cf7133fe-6e24-4c84-8ed4-7d975a91ef7d,group_1,2126-01-17 08:51:42.074107,Mobile,Mobile,2127-10-06 20:27:02.010088,2127-10-06,2127-10-06 20:56:02.010088,29,0,0,0,5,0,1,5,5,4,0,4,4,0,3,1,5,2,4,1,1,2,0,1,1,1,2,5
55a6e9a6-f57d-44b2-8672-140f73367ea2,cf7133fe-6e24-4c84-8ed4-7d975a91ef7d,group_1,2126-01-17 08:51:42.074107,Mobile,Desktop,2127-08-23 21:25:17.714375,2127-08-23,2127-08-23 22:33:17.714375,68,0,1,0,5,0,2,0,0,0,2,4,1,0,5,0,2,1,4,5,1,2,0,5,4,2,0,3
62e0076c-ae41-451e-b4f7-5f1d11ef9670,cf7133fe-6e24-4c84-8ed4-7d975a91ef7d,group_1,2126-01-17 08:51:42.074107,Mobile,Mobile,2126-06-06 22:56:08.203494,2126-06-06,2126-06-06 23:10:08.203494,14,5,2,0,4,1,3,1,1,0,0,4,1,1,3,0,5,1,3,2,4,0,3,3,0,0,1,5
f7f07d89-e687-46c3-a605-0afbfcf2c818,cf7133fe-6e24-4c84-8ed4-7d975a91ef7d,group_1,2126-01-17 08:51:42.074107,Mobile,Tablet,2127-05-18 23:26:21.883071,2127-05-18,2127-05-19 00:45:21.883071,79,1,1,0,1,0,0,3,4,5,0,3,1,1,3,0,3,5,1,3,3,3,3,5,1,0,0,1
0b420c40-e9c9-4a34-b2ce-c798a93d822e,cf7133fe-6e24-4c84-8ed4-7d975a91ef7d,group_1,2126-01-17 08:51:42.074107,Mobile,Mobile,2127-02-27 13:06:40.284920,2127-02-27,2127-02-27 14:18:40.284920,72,1,1,0,2,1,0,0,5,2,0,0,0,0,3,0,2,1,1,3,5,3,4,1,4,3,0,4
15014b4e-6d00-4266-b409-0a19522f3dfe,cf7133fe-6e24-4c84-8ed4-7d975a91ef7d,group_1,2126-01-17 08:51:42.074107,Mobile,Desktop,2127-08-19 14:57:08.067966,2127-08-19,2127-08-19 16:41:08.067966,104,4,4,0,4,1,0,3,3,2,0,5,0,0,0,0,2,2,5,2,4,1,1,4,0,0,0,2
fe191d89-78bf-4730-85fe-660aafec731f,a2f0c96c-91b8-4db5-9540-72645b665e53,group_2,2124-09-30 15:28:50.943424,Desktop,Desktop,2126-03-11 00:53:21.865175,2126-03-11,2126-03-11 02:52:21.865175,119,2,2,0,0,0,4,0,1,2,0,3,5,0,4,0,4,2,2,0,4,4,3,3,5,2,0,2
97b96597-3cfd-4295-9619-3f84bd554a91,a2f0c96c-91b8-4db5-9540-72645b665e53,group_2,2124-09-30 15:28:50.943424,Desktop,Mobile,2126-07-16 00:43:02.055443,2126-07-16,2126-07-16 02:05:02.055443,82,4,5,0,0,2,5,1,0,4,0,4,1,0,1,0,0,0,0,2,3,4,5,5,3,1,0,0
5fe664ca-9a16-4cc1-8e5c-aab2c0669ae3,a2f0c96c-91b8-4db5-9540-72645b665e53,group_2,2124-09-30 15:28:50.943424,Desktop,Mobile,2127-06-03 14:46:18.265543,2127-06-03,2127-06-03 15:39:18.265543,53,2,5,0,2,0,2,5,4,0,0,1,3,2,1,0,1,2,3,4,3,3,4,2,4,0,1,3
3dbb7939-6894-439b-9758-fb95ee1f8f88,a2f0c96c-91b8-4db5-9540-72645b665e53,group_2,2124-09-30 15:28:50.943424,Desktop,Desktop,2124-11-26 11:50:41.861585,2124-11-26,2124-11-26 12:05:41.861585,15,3,3,0,2,1,5,3,5,3,0,2,4,0,2,0,2,2,4,1,3,1,0,1,1,0,0,3
1dce89a3-c0f0-4e31-ac6a-44b682720de5,a2f0c96c-91b8-4db5-9540-72645b665e53,group_2,2124-09-30 15:28:50.943424,Desktop,Mobile,2127-12-14 04:33:07.719361,2127-12-14,2127-12-14 05:46:07.719361,73,1,4,1,5,0,2,5,2,1,1,3,5,0,0,1,2,0,3,5,5,4,2,3,2,0,0,3
036b213d-5513-4520-be45-342411d897be,a2f0c96c-91b8-4db5-9540-72645b665e53,group_2,2124-09-30 15:28:50.943424,Desktop,Tablet,2125-02-16 03:21:46.100249,2125-02-16,2125-02-16 04:59:46.100249,98,0,2,0,4,0,3,1,1,2,0,5,5,0,1,0,5,4,2,2,3,2,2,1,4,1,1,0
2f9bed7f-4751-4a2a-a51c-0a5a214c0204,a2f0c96c-91b8-4db5-9540-72645b665e53,group_2,2124-09-30 15:28:50.943424,Desktop,Tablet,2126-04-18 08:53:24.393039,2126-04-18,2126-04-18 09:49:24.393039,56,0,5,0,1,0,0,5,4,0,0,1,0,2,5,1,0,2,3,0,0,5,0,1,5,1,0,2
2f758fde-f5b7-4450-8f84-58c97d38bde1,a2f0c96c-91b8-4db5-9540-72645b665e53,group_2,2124-09-30 15:28:50.943424,Desktop,Desktop,2126-12-24 05:35:39.676902,2126-12-24,2126-12-24 06:21:39.676902,46,1,3,1,5,0,1,3,5,0,2,0,5,0,0,0,0,4,3,2,2,4,0,2,2,0,2,5
6c4579ef-4c3a-4d37-ab51-2c9f40fc394f,a2f0c96c-91b8-4db5-9540-72645b665e53,group_2,2124-09-30 15:28:50.943424,Desktop,Desktop,2127-02-28 16:42:46.469400,2127-02-28,2127-02-28 17:46:46.469400,64,2,2,1,4,0,5,3,5,5,0,1,2,1,5,0,3,5,5,5,5,5,0,5,0,2,0,5
3b4904c7-ff37-41f7-811a-167e66cc0fcd,cd62e6a7-a4b0-42b7-959d-b508695a2018,group_1,2127-05-07 08:51:19.128720,Tablet,Desktop,2127-06-13 08:58:44.881104,2127-06-13,2127-06-13 10:57:44.881104,119,4,2,1,4,2,2,3,0,1,0,5,5,0,0,2,2,0,4,3,0,4,5,3,1,1,0,4
24af2e52-ad5c-48ed-bde9-d392e6e661e4,cd62e6a7-a4b0-42b7-959d-b508695a2018,group_1,2127-05-07 08:51:19.128720,Tablet,Desktop,2127-07-23 12:25:38.112774,2127-07-23,2127-07-23 12:56:38.112774,31,1,1,0,4,1,4,5,2,3,0,0,1,0,4,1,4,3,0,3,4,3,3,5,2,0,1,4
85752139-2807-40ea-9d59-00a201cc078c,cd62e6a7-a4b0-42b7-959d-b508695a2018,group_1,2127-05-07 08:51:19.128720,Tablet,Desktop,2127-07-27 17:31:20.459356,2127-07-27,2127-07-27 18:03:20.459356,32,4,3,0,5,0,3,4,0,4,0,4,2,1,1,1,0,5,5,5,5,0,5,5,1,0,0,4
3678c275-0a9d-469d-8932-65ee31e5b23d,cd62e6a7-a4b0-42b7-959d-b508695a2018,group_1,2127-05-07 08:51:19.128720,Tablet,Mobile,2127-06-03 16:19:41.656745,2127-06-03,2127-06-03 16:29:41.656745,10,3,1,0,2,1,3,1,0,1,2,1,3,1,4,1,2,3,3,2,3,3,0,1,4,0,0,2
c7744496-d54d-4b16-9486-1640b983de5b,2f5c2bcd-a47f-447d-a03b-75c419f62129,group_3,2126-01-02 12:15:33.221210,Tablet,Mobile,2126-11-07 04:43:05.931700,2126-11-07,2126-11-07 04:45:05.931700,2,2,5,0,4,0,4,5,4,3,0,1,1,0,5,1,2,1,0,4,4,0,3,2,0,0,0,1
399906ed-82f6-45db-95f1-3c494367de78,4a4d192c-3ba4-4fdb-9e80-470c02796ca4,group_2,2124-08-14 07:20:39.703956,Tablet,Desktop,2126-03-04 14:26:45.246439,2126-03-04,2126-03-04 15:37:45.246439,71,4,5,0,0,1,0,5,1,1,0,4,3,0,2,0,2,2,3,5,1,5,2,0,1,0,1,0
d69408ee-dcb4-43d1-bf34-e081b756b976,4a4d192c-3ba4-4fdb-9e80-470c02796ca4,group_2,2124-08-14 07:20:39.703956,Tablet,Desktop,2127-05-13 04:17:23.517788,2127-05-13,2127-05-13 04:23:23.517788,6,1,3,1,1,1,4,0,3,3,0,2,5,1,2,1,1,4,0,0,0,2,1,2,3,0,1,1
4a57e4cd-a2cd-4ec1-940f-3cfa1985ae69,4a4d192c-3ba4-4fdb-9e80-470c02796ca4,group_2,2124-08-14 07:20:39.703956,Tablet,Mobile,2127-05-05 12:09:59.002352,2127-05-05,2127-05-05 13:43:59.002352,94,4,3,1,0,0,3,2,0,3,1,5,1,0,4,1,2,5,1,0,3,4,5,3,0,0,0,0
7e0b6a32-f41a-4bf3-9880-f392a2be5f6d,4a4d192c-3ba4-4fdb-9e80-470c02796ca4,group_2,2124-08-14 07:20:39.703956,Tablet,Mobile,2125-06-25 01:53:40.840531,2125-06-25,2125-06-25 03:23:40.840531,90,1,3,0,3,1,0,2,5,1,1,4,5,0,2,0,2,2,4,3,1,1,3,2,1,0,1,3
5b6da021-e1cf-4b33-849b-17d14a3a51f8,4a4d192c-3ba4-4fdb-9e80-470c02796ca4,group_2,2124-08-14 07:20:39.703956,Tablet,Desktop,2125-10-05 20:44:03.240531,2125-10-05,2125-10-05 22:43:03.240531,119,1,2,1,0,1,4,2,1,5,0,4,4,1,1,0,5,2,4,2,0,2,2,1,3,0,0,5
04fdd860-751e-4408-98f7-89b238be64f8,4a4d192c-3ba4-4fdb-9e80-470c02796ca4,group_2,2124-08-14 07:20:39.703956,Tablet,Desktop,2124-10-18 08:01:05.654250,2124-10-18,2124-10-18 08:40:05.654250,39,0,1,0,1,2,2,0,4,4,0,2,0,0,2,0,0,2,0,3,5,2,1,5,0,1,0,0
a3897e5f-406f-4cee-a5fa-3839a093a552,3c40fb13-91cf-4251-b4a7-1597254bba86,group_2,2123-10-06 22:33:42.684955,Tablet,Tablet,2124-04-19 15:19:30.915667,2124-04-19,2124-04-19 16:45:30.915667,86,2,0,0,0,1,1,3,4,3,0,1,3,1,2,1,3,5,5,2,0,1,0,5,5,1,1,1
f8181e4a-77bc-4c12-8bc8-5112b0fb6df7,3c40fb13-91cf-4251-b4a7-1597254bba86,group_2,2123-10-06 22:33:42.684955,Tablet,Mobile,2125-08-12 21:55:04.487006,2125-08-12,2125-08-12 23:41:04.487006,106,0,2,1,3,0,2,2,4,0,0,0,3,0,1,0,2,3,4,0,1,4,0,2,1,1,0,5
4b5799c0-7b41-4fcd-9d9c-9597dcdd90a9,3c40fb13-91cf-4251-b4a7-1597254bba86,group_2,2123-10-06 22:33:42.684955,Tablet,Tablet,2125-06-13 02:13:32.923114,2125-06-13,2125-06-13 02:41:32.923114,28,1,5,1,0,0,1,0,3,2,1,2,1,1,4,0,1,2,3,4,0,0,3,0,2,1,0,4
ed9c0d7d-a2b5-48a5-9db4-813ccef24e4e,3c40fb13-91cf-4251-b4a7-1597254bba86,group_2,2123-10-06 22:33:42.684955,Tablet,Tablet,2125-10-20 16:56:17.832385,2125-10-20,2125-10-20 17:00:17.832385,4,5,2,1,1,0,1,5,2,5,1,1,5,0,5,0,5,2,4,1,5,1,0,3,0,1,1,3
99165cfe-eb31-4e9b-bfba-23b291587697,3c40fb13-91cf-4251-b4a7-1597254bba86,group_2,2123-10-06 22:33:42.684955,Tablet,Desktop,2124-10-06 07:18:55.454543,2124-10-06,2124-10-06 08:05:55.454543,47,5,2,1,4,0,5,3,0,3,1,3,4,0,1,1,1,0,4,3,0,0,0,2,2,0,0,2
0dbe6737-5cf2-4030-8cfc-cd3a4e1cab0f,a70445e7-a933-46e8-88e8-4a76857c825b,group_1,2124-08-25 04:58:30.369267,Desktop,Mobile,2125-01-16 21:42:10.347737,2125-01-16,2125-01-16 22:11:10.347737,29,2,4,1,0,1,3,0,1,1,1,0,0,1,4,0,2,3,3,5,2,0,5,4,3,1,0,2
d73608d7-5ae3-4756-a019-235a7d93b24e,a70445e7-a933-46e8-88e8-4a76857c825b,group_1,2124-08-25 04:58:30.369267,Desktop,Tablet,2127-11-21 07:12:37.193974,2127-11-21,2127-11-21 07:41:37.193974,29,2,2,0,1,0,5,0,5,1,2,3,4,0,2,1,2,2,3,1,3,0,0,2,5,1,2,5
3ea614d0-178f-437c-9d86-0f1f0578a3c4,a70445e7-a933-46e8-88e8-4a76857c825b,group_1,2124-08-25 04:58:30.369267,Desktop,Mobile,2127-06-29 06:35:15.543914,2127-06-29,2127-06-29 08:00:15.543914,85,0,1,0,2,2,3,0,4,5,0,4,1,1,2,0,1,5,0,0,5,1,4,5,0,0,0,0
3dd3e173-96ce-4bde-9070-fb50e5ebcd76,a70445e7-a933-46e8-88e8-4a76857c825b,group_1,2124-08-25 04:58:30.369267,Desktop,Tablet,2126-12-01 23:02:52.339397,2126-12-01,2126-12-01 23:53:52.339397,51,5,2,0,0,1,3,1,3,1,2,1,0,0,2,0,4,0,1,2,0,3,0,1,4,1,0,1
6ba8945c-64d5-463f-8b4a-1b2521d4522d,a70445e7-a933-46e8-88e8-4a76857c825b,group_1,2124-08-25 04:58:30.369267,Desktop,Mobile,2125-09-14 07:32:23.978663,2125-09-14,2125-09-14 07:57:23.978663,25,0,0,1,4,3,0,5,3,2,0,5,2,1,1,0,3,4,4,2,1,1,5,2,2,0,0,5
6a7eed45-21a2-4f92-925e-934fe4fe43eb,a70445e7-a933-46e8-88e8-4a76857c825b,group_1,2124-08-25 04:58:30.369267,Desktop,Mobile,2126-05-07 21:54:17.790121,2126-05-07,2126-05-07 22:04:17.790121,10,5,5,0,5,1,1,4,1,1,0,5,1,1,3,1,1,2,0,2,0,5,2,5,3,0,0,0
43684ca2-7a0c-4477-a3fc-672cb80781eb,a70445e7-a933-46e8-88e8-4a76857c825b,group_1,2124-08-25 04:58:30.369267,Desktop,Desktop,2124-12-20 23:25:25.413930,2124-12-20,2124-12-21 01:17:25.413930,112,3,2,1,1,1,1,0,3,2,0,1,4,1,5,0,5,5,2,5,1,4,2,1,2,0,1,2
6466b5be-6e7a-43e0-868b-5a8bbf79d56b,a70445e7-a933-46e8-88e8-4a76857c825b,group_1,2124-08-25 04:58:30.369267,Desktop,Desktop,2126-06-01 09:20:46.481603,2126-06-01,2126-06-01 09:57:46.481603,37,5,1,1,4,1,4,1,2,5,0,5,5,0,3,1,2,3,2,1,3,2,3,1,0,0,1,0
c784ecaa-31a7-4857-a569-074d965f117a,ccd34e13-a145-467f-aaf8-425689ddf99f,group_2,2124-03-26 11:59:53.642761,Desktop,Tablet,2127-04-27 08:26:29.833429,2127-04-27,2127-04-27 10:00:29.833429,94,5,2,0,2,1,4,4,1,4,0,2,5,0,4,0,3,5,0,1,5,5,3,1,0,0,1,3
773b9a31-88d3-4cfa-b3e3-dbeb439cc13c,ccd34e13-a145-467f-aaf8-425689ddf99f,group_2,2124-03-26 11:59:53.642761,Desktop,Desktop,2126-10-10 04:38:01.442920,2126-10-10,2126-10-10 06:35:01.442920,117,2,5,0,5,0,2,3,0,4,1,3,5,1,1,1,3,0,2,0,5,5,5,1,4,0,0,1
017e5b3b-d9c1-4ae1-99fb-1d87ef284adf,ccd34e13-a145-467f-aaf8-425689ddf99f,group_2,2124-03-26 11:59:53.642761,Desktop,Desktop,2125-01-16 14:28:04.342220,2125-01-16,2125-01-16 14:45:04.342220,17,5,0,0,4,0,0,3,2,1,1,5,2,0,2,0,2,2,2,5,2,3,1,3,3,0,1,2
2588d96a-cb1d-450f-9a02-a728ad2ee7ea,ccd34e13-a145-467f-aaf8-425689ddf99f,group_2,2124-03-26 11:59:53.642761,Desktop,Mobile,2125-07-25 11:27:18.825145,2125-07-25,2125-07-25 12:26:18.825145,59,3,5,0,3,0,1,3,5,3,0,4,0,0,3,0,2,0,4,0,0,0,3,2,2,0,0,4
a12e7248-1f96-436f-9903-4e9fcd4a5208,ccd34e13-a145-467f-aaf8-425689ddf99f,group_2,2124-03-26 11:59:53.642761,Desktop,Tablet,2125-09-13 19:15:05.521060,2125-09-13,2125-09-13 20:26:05.521060,71,3,1,1,3,0,4,5,1,5,0,3,0,2,5,0,4,1,1,2,4,5,3,1,5,1,1,3
b18a5733-90a5-4bc6-9ac7-6d36e5bd4333,ccd34e13-a145-467f-aaf8-425689ddf99f,group_2,2124-03-26 11:59:53.642761,Desktop,Mobile,2127-11-12 19:49:23.734745,2127-11-12,2127-11-12 19:52:23.734745,3,2,1,1,5,1,3,3,3,3,1,1,1,0,2,1,2,1,2,3,5,1,1,4,5,1,1,4
e3c961a8-3a3a-46fe-b287-d21728550953,ccd34e13-a145-467f-aaf8-425689ddf99f,group_2,2124-03-26 11:59:53.642761,Desktop,Mobile,2125-12-15 18:29:06.354918,2125-12-15,2125-12-15 19:36:06.354918,67,2,2,1,4,0,3,5,4,1,1,3,2,0,4,1,5,2,4,4,2,5,5,3,1,0,1,4
1ae02205-79fa-41e4-877a-0edaf511c6b2,ccd34e13-a145-467f-aaf8-425689ddf99f,group_2,2124-03-26 11:59:53.642761,Desktop,Mobile,2126-08-08 20:41:31.927298,2126-08-08,2126-08-08 21:18:31.927298,37,1,5,2,4,0,0,5,2,5,1,4,5,0,5,0,0,2,0,4,0,1,5,4,0,2,0,1
c13b97f1-857d-4798-9b78-3c35c47b318f,7894b6ad-519b-43d5-91c3-37c9bd928264,group_2,2127-09-19 11:55:58.261469,Mobile,Desktop,2127-09-27 23:18:43.935713,2127-09-27,2127-09-28 00:08:43.935713,50,0,5,0,5,0,1,4,2,3,1,0,3,2,4,0,3,5,5,0,5,4,4,3,1,0,1,1
7fd6e70d-be33-4aee-8bf5-0b97ee875bf4,7894b6ad-519b-43d5-91c3-37c9bd928264,group_2,2127-09-19 11:55:58.261469,Mobile,Tablet,2127-11-15 16:02:48.791365,2127-11-15,2127-11-15 16:16:48.791365,14,3,3,0,3,1,1,3,4,4,0,2,3,2,2,2,2,5,5,0,2,5,0,3,4,0,0,1
bf272711-3e5e-4a8a-8e87-58eea51db3cf,7894b6ad-519b-43d5-91c3-37c9bd928264,group_2,2127-09-19 11:55:58.261469,Mobile,Desktop,2127-11-09 11:24:48.800479,2127-11-09,2127-11-09 13:11:48.800479,107,5,0,1,2,1,3,0,1,0,0,1,0,0,4,1,2,0,0,0,3,2,3,3,0,0,0,0
2b4dc704-e9b6-48d0-90df-5d22c3030a1e,7894b6ad-519b-43d5-91c3-37c9bd928264,group_2,2127-09-19 11:55:58.261469,Mobile,Tablet,2127-11-15 23:37:44.897180,2127-11-15,2127-11-16 00:53:44.897180,76,0,5,1,2,1,1,4,1,0,0,2,1,2,4,0,4,2,3,3,2,1,0,3,2,1,0,5
b97b2572-82ef-4e0c-84c9-34ca6900f65c,03d0fc41-c421-4c90-b67d-3532fb4fb39f,group_1,2125-12-30 06:48:55.927507,Mobile,Desktop,2127-12-29 19:41:48.010742,2127-12-29,2127-12-29 21:16:48.010742,95,3,3,0,0,0,1,1,0,1,1,3,5,0,3,0,2,0,5,5,2,3,4,3,2,0,0,5
196794fd-3d1f-461b-a0b9-8c4b8c438518,03d0fc41-c421-4c90-b67d-3532fb4fb39f,group_1,2125-12-30 06:48:55.927507,Mobile,Tablet,2127-05-09 00:55:51.675097,2127-05-09,2127-05-09 02:35:51.675097,100,2,5,0,2,1,4,3,5,5,1,1,4,0,0,0,1,1,1,3,3,5,1,4,2,2,1,3
c2f9c07e-d2dc-493b-b097-a27ec99cdfa1,03d0fc41-c421-4c90-b67d-3532fb4fb39f,group_1,2125-12-30 06:48:55.927507,Mobile,Mobile,2127-07-10 01:42:05.507046,2127-07-10,2127-07-10 02:09:05.507046,27,5,2,0,4,0,4,1,1,1,0,4,5,1,2,0,4,2,0,4,1,5,4,5,2,0,1,0
0938190e-4664-4dae-8f94-2a25f4fa451e,03d0fc41-c421-4c90-b67d-3532fb4fb39f,group_1,2125-12-30 06:48:55.927507,Mobile,Mobile,2127-01-27 14:01:08.476864,2127-01-27,2127-01-27 14:25:08.476864,24,4,0,0,2,1,5,4,1,4,0,4,0,0,1,0,0,5,0,4,0,3,3,3,2,0,1,4
db80c1f2-4a47-459e-a491-8fe0657f648d,03d0fc41-c421-4c90-b67d-3532fb4fb39f,group_1,2125-12-30 06:48:55.927507,Mobile,Mobile,2127-07-25 20:35:35.237209,2127-07-25,2127-07-25 20:52:35.237209,17,4,5,0,4,0,3,2,5,0,0,3,5,1,2,1,1,5,4,4,4,0,4,2,1,0,1,5
a4e95e44-6274-455b-8c60-2566f8705ca8,03d0fc41-c421-4c90-b67d-3532fb4fb39f,group_1,2125-12-30 06:48:55.927507,Mobile,Desktop,2126-12-24 01:27:47.948221,2126-12-24,2126-12-24 01:45:47.948221,18,4,3,3,2,1,5,2,5,5,0,1,4,1,0,0,1,5,2,4,0,3,0,3,5,2,1,3
23554f3a-914d-4e41-9481-4ede4e06c84e,4df5f714-e62d-440e-91bc-8160fcefe503,group_3,2127-02-11 20:30:43.999973,Tablet,Desktop,2127-04-02 11:06:07.664402,2127-04-02,2127-04-02 12:47:07.664402,101,0,1,0,3,1,0,2,1,5,0,5,2,2,3,3,2,5,4,0,2,3,0,5,3,1,0,5
4a4a0aa7-683f-4e9c-8b3f-7316dfdfcc00,4df5f714-e62d-440e-91bc-8160fcefe503,group_3,2127-02-11 20:30:43.999973,Tablet,Desktop,2127-06-13 13:16:59.654903,2127-06-13,2127-06-13 13:59:59.654903,43,5,5,0,3,0,4,5,3,2,0,1,5,1,3,1,5,5,5,4,2,0,3,1,5,0,2,4
b3c05d68-b614-4466-b362-e27b2331af0e,4df5f714-e62d-440e-91bc-8160fcefe503,group_3,2127-02-11 20:30:43.999973,Tablet,Desktop,2127-08-28 07:59:48.896703,2127-08-28,2127-08-28 08:12:48.896703,13,2,4,1,1,1,1,1,2,3,0,0,5,1,4,1,3,2,5,4,5,0,0,4,1,1,1,4
